,ic,se,z,kind
lag1_6h,-0.031581417084928246,0.016709550843171835,-1.8900219031221672,desc
lag2_12h,-0.02384088078687397,0.01584758037950455,-1.5043861722706289,desc
lag3_18h,0.02407091295400141,0.017187817726828186,1.4004635920957849,desc
lag4_24h,-0.05373268641272087,0.017712282135104538,-3.033639934304476,desc
half1,0.004316144724761648,0.022830741579029142,0.18904969467685545,desc
half2,-0.07430723117963375,0.023471312780217524,-3.165874524166479,desc
BTCUSD,-0.02268639640429507,0.021394941426691884,-1.0603626320748882,per_coin
ETHUSD,-0.018681652696170458,0.020869271240562974,-0.8951751348106249,per_coin
BNBUSD,-0.023195851069751392,0.02129900605276582,-1.089057912481285,per_coin
SOLUSD,-0.022852856795297232,0.02214814712935157,-1.0318179964143255,per_coin
XRPUSD,-0.04014114404870467,0.022792046473824892,-1.7611908651908037,per_coin
DOGEUSD,-0.061173305957946573,0.023166032777555457,-2.640646611586196,per_coin
ADAUSD,-0.03409780132943779,0.022434536003444607,-1.5198799442164703,per_coin
LTCUSD,-0.022582510822768923,0.019973683769978393,-1.1306132150100299,per_coin
BCHUSD,-0.045348805855934086,0.020926459028461825,-2.167055869043861,per_coin
DOTUSD,-0.025053845868976295,0.01953614247616234,-1.282435665052431,per_coin
PRIMARY,-0.031581417084928246,0.016709550843171835,-1.8900219031221672,primary
