,0
0,-0.041367669641668194
1,-0.042053747003982775
2,-0.04173880073458956
3,-0.010389546492082511
4,0.007928886054074663
5,-0.02968291388141797
6,-0.0519255349896517
7,-0.11446705132919914
8,-0.006156841362333862
9,-0.056458218701783386
10,-3.526354920504122e-05
11,-0.049925196577309795
12,-0.04540685216125054
13,-0.03766561879331407
14,-0.1097237467840314
15,0.0014071099579364935
16,-0.09732343530372486
17,0.035071652871422596
18,-0.024212937916374095
19,-0.07689739127609768
20,0.02094503954866978
21,-0.03952969909118832
22,-0.013250470823086525
23,-0.014484376609910608
