,ic,se,z,days
ALL,-0.0706890857465449,0.022684163487208406,-3.1162306596144247,1362.0
BIG10,-0.2992638700720569,0.11857978183791887,-2.5237343620779016,398.0
OTHER,-0.022696275795396712,0.01754639235391043,-1.293500985137755,1330.0
BIG10_2017H2-18,-0.12940639295973083,0.20195155053782143,-0.6407793979056161,143.0
OTHER_2017H2-18,0.013834994600688245,0.03626953913121485,0.38144941821941597,463.0
BIG10_2019,-0.2635758647775314,0.24549452650499295,-1.0736527145022547,59.0
OTHER_2019,-0.0346220556637828,0.024479451299661073,-1.4143313606160017,351.0
BIG10_2020,-0.5390583306830425,0.22435699806428097,-2.402681152511213,82.0
OTHER_2020,-0.0643837865693536,0.029236775196805793,-2.2021507548612176,349.0
BIG10_2021H1,-0.3583170785750288,0.25085443880627006,-1.4283864390845005,114.0
OTHER_2021H1,-0.011792612319186366,0.05404512516315367,-0.21819937105495338,167.0
