series,coin,q,VR,se,sig
r,BTCUSD,2,0.9426102312432083,0.005440490275550561,True
r,BTCUSD,6,0.8420944688378534,0.013449251916865579,True
r,BTCUSD,24,0.8512983491764715,0.029812585023343656,True
r,BTCUSD,72,0.8011802476401273,0.0527501080701606,True
r,BTCUSD,168,0.8355649931210857,0.08106220390172605,True
r,ETHUSD,2,0.9601304863441832,0.005440490275550561,True
r,ETHUSD,6,0.8584051840011856,0.013449251916865579,True
r,ETHUSD,24,0.8826301114032195,0.029812585023343656,True
r,ETHUSD,72,0.8595683431169125,0.0527501080701606,True
r,ETHUSD,168,0.9126850549330435,0.08106220390172605,False
r,BNBUSD,2,0.9357622617679393,0.005603406113054811,True
r,BNBUSD,6,0.851234491011398,0.013851990646073226,True
r,BNBUSD,24,0.9256980652867747,0.030705324833774285,True
r,BNBUSD,72,0.9276570443799771,0.05432971351000679,False
r,BNBUSD,168,0.8875757602241906,0.08348961690491417,False
r,SOLUSD,2,0.9756228887827837,0.01135996960984995,True
r,SOLUSD,6,0.8914871366925324,0.028082596478007302,True
r,SOLUSD,24,0.8403236087140292,0.06224991548615153,True
r,SOLUSD,72,0.7297626768890201,0.11014441608071505,True
r,SOLUSD,168,0.7200310855834112,0.1692612478271325,False
r,XRPUSD,2,0.952607114298603,0.0060210381357386,True
r,XRPUSD,6,0.8690006649642164,0.014884404637669966,True
r,XRPUSD,24,0.9141375730414698,0.03299384839582982,True
r,XRPUSD,72,0.858778935206073,0.05837900561684734,True
r,XRPUSD,168,0.8899564658673208,0.08971224951043935,False
r,DOGEUSD,2,0.9610353180469781,0.007584686504175539,True
r,DOGEUSD,6,0.9285957620718318,0.018749846859120508,True
r,DOGEUSD,24,1.2465974617495403,0.04156226733780125,True
r,DOGEUSD,72,1.1867893169905521,0.07353988565544493,True
r,DOGEUSD,168,1.2706913747963176,0.11301029370371005,True
r,ADAUSD,2,0.9477592005274755,0.005976569959773679,True
r,ADAUSD,6,0.868080439748904,0.01477447636456498,True
r,ADAUSD,24,0.8843709965660214,0.032750173430956715,True
r,ADAUSD,72,0.8580080307868893,0.0579478494215364,True
r,ADAUSD,168,0.9065920487014368,0.08904968268931927,False
r,LTCUSD,2,0.945012561256976,0.005683194380140098,True
r,LTCUSD,6,0.8419968410420533,0.014049232521288523,True
r,LTCUSD,24,0.8536612061323986,0.03114254544733464,True
r,LTCUSD,72,0.7738222984917952,0.05510332755916595,True
r,LTCUSD,168,0.7805908535551968,0.08467844593462481,True
r,BCHUSD,2,0.970983284728755,0.008483109975988126,True
r,BCHUSD,6,0.8859830047823205,0.02097080912326309,True
r,BCHUSD,24,0.9483413328890319,0.04648541300736499,False
r,BCHUSD,72,0.8591767317664918,0.08225085338639762,False
r,BCHUSD,168,0.9356323471694445,0.12639662158475723,False
r,DOTUSD,2,0.9592455223108548,0.011498051245456848,True
r,DOTUSD,6,0.8285342604518717,0.02842394341703516,True
r,DOTUSD,24,0.8374117270737735,0.06300656981199286,True
r,DOTUSD,72,0.8830659134578449,0.11148323314165196,False
r,DOTUSD,168,0.9755416085287851,0.17131863624871507,False
rel,BTCUSD,2,0.9739631428422512,0.005683194380140098,True
rel,BTCUSD,6,0.8823472397114526,0.014049232521288523,True
rel,BTCUSD,24,0.9410845086252064,0.03114254544733464,False
rel,BTCUSD,72,0.9713028578665341,0.05510332755916595,False
rel,BTCUSD,168,1.0757055842871648,0.08467844593462481,False
rel,ETHUSD,2,0.934073780285522,0.005683194380140098,True
rel,ETHUSD,6,0.8416648749293243,0.014049232521288523,True
rel,ETHUSD,24,0.9057763251050269,0.03114254544733464,True
rel,ETHUSD,72,0.9663511308037093,0.05510332755916595,False
rel,ETHUSD,168,0.9282763975730806,0.08467844593462481,False
rel,BNBUSD,2,0.9297427138023086,0.005683194380140098,True
rel,BNBUSD,6,0.8515228567128375,0.014049232521288523,True
rel,BNBUSD,24,0.9506302412499511,0.03114254544733464,False
rel,BNBUSD,72,0.9802429906234303,0.05510332755916595,False
rel,BNBUSD,168,0.9661696325832181,0.08467844593462481,False
rel,SOLUSD,2,0.9614331374205362,0.01135996960984995,True
rel,SOLUSD,6,0.9054572089617229,0.028082596478007302,True
rel,SOLUSD,24,0.9480401203959967,0.06224991548615153,False
rel,SOLUSD,72,0.829076257434343,0.11014441608071505,False
rel,SOLUSD,168,0.7518808952187097,0.1692612478271325,False
rel,XRPUSD,2,0.9222598703948207,0.0060210381357386,True
rel,XRPUSD,6,0.8487332306256608,0.014884404637669966,True
rel,XRPUSD,24,0.9560779873849778,0.03299384839582982,False
rel,XRPUSD,72,0.9558305862730425,0.05837900561684734,False
rel,XRPUSD,168,0.9282846589650763,0.08971224951043935,False
rel,DOGEUSD,2,0.9522905077810836,0.007584686504175539,True
rel,DOGEUSD,6,0.9468264872727874,0.018749846859120508,True
rel,DOGEUSD,24,1.2789445866140539,0.04156226733780125,True
rel,DOGEUSD,72,1.165863764831905,0.07353988565544493,True
rel,DOGEUSD,168,1.1279134894800575,0.11301029370371005,False
rel,ADAUSD,2,0.8964642904354514,0.005976569959773679,True
rel,ADAUSD,6,0.7981589609630932,0.01477447636456498,True
rel,ADAUSD,24,0.8357811727885481,0.032750173430956715,True
rel,ADAUSD,72,0.8466662480749164,0.0579478494215364,True
rel,ADAUSD,168,0.8547826268166565,0.08904968268931927,False
rel,LTCUSD,2,0.8911887756361101,0.005683194380140098,True
rel,LTCUSD,6,0.7724890135571731,0.014049232521288523,True
rel,LTCUSD,24,0.7710337506924777,0.03114254544733464,True
rel,LTCUSD,72,0.796278708708596,0.05510332755916595,True
rel,LTCUSD,168,0.823858262211116,0.08467844593462481,True
rel,BCHUSD,2,0.9384998425142814,0.008483109975988126,True
rel,BCHUSD,6,0.8354377956677566,0.02097080912326309,True
rel,BCHUSD,24,0.9075446737058928,0.04648541300736499,False
rel,BCHUSD,72,0.9156029424250267,0.08225085338639762,False
rel,BCHUSD,168,0.9155991643787943,0.12639662158475723,False
rel,DOTUSD,2,0.9259659066377102,0.011498051245456848,True
rel,DOTUSD,6,0.8050503680311134,0.02842394341703516,True
rel,DOTUSD,24,0.8926921713931772,0.06300656981199286,False
rel,DOTUSD,72,1.0746986915435577,0.11148323314165196,False
rel,DOTUSD,168,1.257337546070966,0.17131863624871507,False
