series,coin,lag,acf,n,sig
raw,BTCUSD,1,-0.06873366116944668,1362,True
raw,BTCUSD,2,0.06691384246553077,1359,True
raw,BTCUSD,3,-0.009287271848766276,1358,False
raw,BTCUSD,7,-0.007817472428566999,1355,False
raw,ETHUSD,1,-0.08725943841297351,1362,True
raw,ETHUSD,2,0.08581760787091389,1359,True
raw,ETHUSD,3,-0.016279070009122095,1358,False
raw,ETHUSD,7,5.214431461473124e-05,1355,False
raw,BNBUSD,1,-0.002945068812443561,1283,False
raw,BNBUSD,2,0.09100511877653293,1280,True
raw,BNBUSD,3,-0.03831882831724483,1279,False
raw,BNBUSD,7,-0.016076570798020638,1276,False
raw,SOLUSD,1,-0.14386205288371642,308,True
raw,SOLUSD,2,-0.00729188253598046,307,False
raw,SOLUSD,3,0.0030720996900580207,306,False
raw,SOLUSD,7,0.024372792584402753,302,False
raw,XRPUSD,1,-0.038681639189494965,1109,False
raw,XRPUSD,2,-0.0005334558950590548,1107,False
raw,XRPUSD,3,-0.009252086216432224,1106,False
raw,XRPUSD,7,0.01334266174238244,1103,False
raw,DOGEUSD,1,0.01288367046889667,695,False
raw,DOGEUSD,2,-0.0958189450252993,694,True
raw,DOGEUSD,3,0.13023884863354784,693,True
raw,DOGEUSD,7,0.04409683839758792,689,False
raw,ADAUSD,1,-0.08978315205703269,1126,True
raw,ADAUSD,2,0.09934189761909835,1124,True
raw,ADAUSD,3,-0.02879397653400133,1123,False
raw,ADAUSD,7,0.01723566969530134,1120,False
raw,LTCUSD,1,-0.09231029510662225,1246,True
raw,LTCUSD,2,0.04762861940963548,1243,False
raw,LTCUSD,3,-0.026847191419568178,1242,False
raw,LTCUSD,7,-0.019971513488468384,1239,False
raw,BCHUSD,1,-0.1567794957672519,555,True
raw,BCHUSD,2,0.015466544409989673,554,False
raw,BCHUSD,3,-0.02330772140943918,553,False
raw,BCHUSD,7,-0.06011592166788784,549,False
raw,DOTUSD,1,-0.10581707112847513,301,False
raw,DOTUSD,2,0.06840591044511991,300,False
raw,DOTUSD,3,0.06693961916362831,299,False
raw,DOTUSD,7,-0.02085060058472518,295,False
rel,BTCUSD,1,-0.023894091512091972,1126,False
rel,BTCUSD,2,0.04313755425200431,1124,False
rel,BTCUSD,3,0.03432571174413595,1123,False
rel,BTCUSD,7,0.08497288923455627,1120,True
rel,ETHUSD,1,0.022383293527578042,1126,False
rel,ETHUSD,2,0.038603131004022385,1124,False
rel,ETHUSD,3,-0.004428360657098925,1123,False
rel,ETHUSD,7,0.06295783672594403,1120,True
rel,BNBUSD,1,-0.035097236599812426,1126,False
rel,BNBUSD,2,0.02804401441709818,1124,False
rel,BNBUSD,3,-0.02262315321177846,1123,False
rel,BNBUSD,7,-0.014485467038795427,1120,False
rel,SOLUSD,1,-0.020898790434063647,308,False
rel,SOLUSD,2,-0.15630109051170496,307,True
rel,SOLUSD,3,0.07260930714527235,306,False
rel,SOLUSD,7,0.030094300421900835,302,False
rel,XRPUSD,1,0.09115587527251652,1109,True
rel,XRPUSD,2,-0.10501318753886997,1107,True
rel,XRPUSD,3,0.02296767878464396,1106,False
rel,XRPUSD,7,-0.021963756738298788,1103,False
rel,DOGEUSD,1,0.015450924794603462,695,False
rel,DOGEUSD,2,-0.15245960393929406,694,True
rel,DOGEUSD,3,0.17124324122531673,693,True
rel,DOGEUSD,7,0.06948411125664868,689,False
rel,ADAUSD,1,0.016890265201282513,1126,False
rel,ADAUSD,2,-0.008585975617257068,1124,False
rel,ADAUSD,3,0.010425670263489678,1123,False
rel,ADAUSD,7,0.021302597412776268,1120,False
rel,LTCUSD,1,0.06392164136479944,1126,True
rel,LTCUSD,2,-0.03353230284417452,1124,False
rel,LTCUSD,3,0.05330802398499882,1123,False
rel,LTCUSD,7,0.01730821178849096,1120,False
rel,BCHUSD,1,0.017358119399558645,555,False
rel,BCHUSD,2,-0.12614167722929,554,True
rel,BCHUSD,3,0.027672024727407145,553,False
rel,BCHUSD,7,-0.010353056761466596,549,False
rel,DOTUSD,1,-0.03309664277802136,301,False
rel,DOTUSD,2,0.05530346065758266,300,False
rel,DOTUSD,3,0.20773525899872633,299,True
rel,DOTUSD,7,-0.00866144917818382,295,False
