coin,n_r,mean_bp,sd_bp,skew,exkurt,hill_top1pct,zero_r_pct,zero_vol_pct,med_absr_bp,logvol_med,logvol_iqr,logn_iqr,buyshare_med,buyshare_iqr,fat_tailed,zero_r_material,zero_vol_material
BTCUSD,33785,0.6011,98.2226,-0.4927,29.4302,2.975,0.077,0.0089,30.7899,7.3294,1.0899,1.5208,0.5025,0.077,True,False,False
ETHUSD,33785,0.579,118.6946,-0.5918,23.8897,3.0946,0.3581,0.0148,42.7185,9.5202,1.6697,1.3088,0.5025,0.0774,True,False,False
BNBUSD,31849,1.5529,141.8593,0.0537,25.733,2.971,0.1507,0.0094,49.9705,11.3213,1.0907,1.5892,0.5133,0.1162,True,False,False
SOLUSD,7749,3.0382,211.9016,0.3769,10.0333,3.9526,0.2065,0.0129,97.9357,11.5911,1.3774,2.2278,0.4872,0.1043,True,False,False
XRPUSD,27584,-0.104,129.971,-0.1295,36.1016,2.9681,0.319,0.0072,40.6598,15.2601,1.8735,1.5052,0.5026,0.0736,True,False,False
DOGEUSD,17383,2.3342,181.5233,2.7429,104.2426,2.4029,0.6213,0.0057,42.2969,16.3374,2.8327,3.5449,0.5007,0.1413,True,False,False
ADAUSD,27996,0.5488,129.6102,-0.3981,16.7761,3.6717,0.8716,0.0071,54.0577,15.8063,1.3468,1.633,0.4964,0.0917,True,False,False
LTCUSD,30961,-0.2281,127.7557,-0.6021,26.5835,3.1786,1.1175,0.0065,47.9489,9.3399,1.6348,1.5663,0.4987,0.0881,True,True,False
BCHUSD,13896,0.6026,132.8864,-1.8411,43.1647,2.9742,0.2735,0.0072,48.3556,8.6313,1.2775,1.191,0.4951,0.0687,True,False,False
DOTUSD,7564,2.1418,177.8346,-1.4059,34.7396,3.7098,0.1322,0.0132,79.2533,12.9453,1.1918,1.9307,0.4968,0.0687,True,False,False
