t,BTCUSD,ETHUSD,BNBUSD,SOLUSD,XRPUSD,DOGEUSD,ADAUSD,LTCUSD,BCHUSD,DOTUSD,total,coins_live,cum_share
2017Q3,1070,1070,0,0,0,0,0,0,0,0,2140,2,0.005585061266034215
2017Q4,2208,2208,1341,0,0,0,0,453,0,0,6210,4,0.02179217830438584
2018Q1,2126,2126,2126,0,0,0,0,2126,0,0,8504,4,0.043986272232589094
2018Q2,2173,2173,2173,0,1373,0,1785,2173,0,0,11850,6,0.07491289653282529
2018Q3,2201,2201,2201,0,2201,0,2201,2201,0,0,13206,6,0.10937846619602522
2018Q4,2198,2198,2198,0,2198,0,2198,2198,0,0,13188,6,0.14379705870838932
2019Q1,2154,2154,2154,0,2154,0,2154,2154,0,0,12924,6,0.17752665300849504
2019Q2,2174,2174,2174,0,2174,0,2174,2174,0,0,13044,6,0.21156942831417275
2019Q3,2200,2200,2200,0,2200,2092,2200,2200,0,0,15292,7,0.2514791277908995
2019Q4,2204,2204,2204,0,2204,2204,2204,2204,806,0,16234,8,0.2938472981613665
2020Q1,2177,2177,2177,0,2177,2177,2177,2177,2177,0,17416,8,0.33930030143671785
2020Q2,2179,2179,2179,0,2179,2179,2179,2179,2179,0,17432,8,0.38479506217947884
2020Q3,2208,2208,2208,1218,2208,2208,2208,2208,2208,1033,19915,10,0.4367700598958673
2020Q4,2202,2202,2202,2202,2202,2202,2202,2202,2202,2202,22020,10,0.49423877441833153
2021Q1,2158,2158,2158,2158,2158,2158,2158,2158,2158,2158,21580,10,0.5505591585870317
2021Q2,2179,2179,2179,2179,2179,2179,2179,2179,2179,2179,21790,10,0.6074276095154829
2021Q3,2202,2202,2202,2202,2202,2202,2202,2202,2202,2202,22020,10,0.6648963240379471
2021Q4,2208,2208,2208,2208,2208,2208,2208,2208,2208,2208,22080,10,0.7225216290631973
2022Q1,2160,2160,2160,2160,2160,2160,2160,2160,2160,2160,21600,10,0.7788942100661594
2022Q2,2184,2184,2184,2184,2184,2184,2184,2184,2184,2184,21840,10,0.8358931530802657
2022Q3,2208,2208,2208,2208,2208,2208,2208,2208,2208,2208,22080,10,0.8935184581055159
2022Q4,2208,2208,2208,2208,2208,2208,2208,2208,2208,2208,22080,10,0.9511437631307661
2023Q1,1872,1872,1872,1872,1872,1872,1872,1872,1872,1872,18720,10,1.0
