,BTCUSD,ETHUSD,BNBUSD,SOLUSD,XRPUSD,DOGEUSD,ADAUSD,LTCUSD,BCHUSD,DOTUSD
BTCUSD,1.0,0.787,0.656,0.495,0.6,0.418,0.686,0.787,0.742,0.619
ETHUSD,0.787,1.0,0.652,0.564,0.647,0.406,0.741,0.813,0.777,0.675
BNBUSD,0.656,0.652,1.0,0.476,0.54,0.357,0.62,0.64,0.674,0.585
SOLUSD,0.495,0.564,0.476,1.0,0.394,0.262,0.504,0.518,0.492,0.507
XRPUSD,0.6,0.647,0.54,0.394,1.0,0.321,0.623,0.648,0.636,0.485
DOGEUSD,0.418,0.406,0.357,0.262,0.321,1.0,0.364,0.401,0.379,0.319
ADAUSD,0.686,0.741,0.62,0.504,0.623,0.364,1.0,0.717,0.677,0.605
LTCUSD,0.787,0.813,0.64,0.518,0.648,0.401,0.717,1.0,0.826,0.647
BCHUSD,0.742,0.777,0.674,0.492,0.636,0.379,0.677,0.826,1.0,0.624
DOTUSD,0.619,0.675,0.585,0.507,0.485,0.319,0.605,0.647,0.624,1.0
