coin,on_hour,unique,zero_gap_rate,zero_gap_by_year,hl_consistent,btc_venue_lag0,btc_venue_lag+1,btc_venue_lag-1
BTCUSD,True,True,0.295,"{2017: 0.26, 2018: 0.31, 2019: 0.2, 2020: 0.34, 2021: 0.4}",1.0,0.952465829697238,-0.03578396912427399,-0.032267066702160056
ETHUSD,True,True,0.292,"{2017: 0.26, 2018: 0.3, 2019: 0.27, 2020: 0.33, 2021: 0.28}",1.0,0.952465829697238,-0.03578396912427399,-0.032267066702160056
BNBUSD,True,True,0.209,"{2017: 0.37, 2018: 0.25, 2019: 0.15, 2020: 0.17, 2021: 0.26}",1.0,0.952465829697238,-0.03578396912427399,-0.032267066702160056
SOLUSD,True,True,0.17,"{2020: 0.16, 2021: 0.18}",1.0,0.952465829697238,-0.03578396912427399,-0.032267066702160056
XRPUSD,True,True,0.249,"{2018: 0.22, 2019: 0.25, 2020: 0.26, 2021: 0.28}",1.0,0.952465829697238,-0.03578396912427399,-0.032267066702160056
DOGEUSD,True,True,0.176,"{2019: 0.16, 2020: 0.17, 2021: 0.21}",1.0,0.952465829697238,-0.03578396912427399,-0.032267066702160056
ADAUSD,True,True,0.272,"{2018: 0.27, 2019: 0.28, 2020: 0.27, 2021: 0.25}",1.0,0.952465829697238,-0.03578396912427399,-0.032267066702160056
LTCUSD,True,True,0.315,"{2017: 0.41, 2018: 0.29, 2019: 0.31, 2020: 0.37, 2021: 0.24}",1.0,0.952465829697238,-0.03578396912427399,-0.032267066702160056
BCHUSD,True,True,0.158,"{2019: 0.12, 2020: 0.19, 2021: 0.11}",1.0,0.952465829697238,-0.03578396912427399,-0.032267066702160056
DOTUSD,True,True,0.155,"{2020: 0.14, 2021: 0.16}",1.0,0.952465829697238,-0.03578396912427399,-0.032267066702160056
