coin,roll_half_bp_logret,med_absr_bp,ratio,material
BTCUSD,23.602300375645232,30.789947847669197,0.7665586344093769,True
ETHUSD,23.773857556215948,42.718465736948374,0.5565241435076468,True
BNBUSD,36.00688135102911,49.97051623814475,0.7205625248983006,True
SOLUSD,33.48260987941981,97.93574660977633,0.3418834392801519,True
XRPUSD,28.277017964704573,40.65978057771091,0.6954542686392561,True
DOGEUSD,35.76184872592555,42.29691002085367,0.8454955387590692,True
ADAUSD,29.654280062863485,54.057676796685215,0.5485674157695558,True
LTCUSD,29.993771292101382,47.94894642117686,0.6255355650286927,True
BCHUSD,22.838131915230015,48.35558177581856,0.4722956704586854,True
DOTUSD,36.179722727148466,79.25331283040626,0.45650738669523205,True
