,ic
2022-03-29,-0.16666666666666669
2022-03-30,0.5333333333333333
2022-03-31,-0.21666666666666667
2022-04-02,-0.016666666666666666
2022-04-03,-0.3
2022-04-04,-0.5166666666666667
2022-04-05,-0.48333333333333334
2022-04-06,0.5833333333333334
2022-04-07,-0.18333333333333335
2022-04-09,-0.3666666666666667
2022-04-10,0.18333333333333335
2022-04-11,0.19999999999999998
2022-04-12,0.7
2022-04-13,-0.2333333333333333
2022-04-14,-0.06666666666666667
2022-04-16,-0.21666666666666667
2022-04-17,-0.11666666666666665
2022-04-18,-0.35
2022-04-19,0.26666666666666666
2022-04-20,-0.18333333333333335
2022-04-21,-0.5333333333333333
2022-04-23,0.049999999999999996
2022-04-24,0.15
2022-04-25,-0.3
2022-04-26,0.049999999999999996
2022-04-27,0.75
2022-04-28,0.016666666666666666
2022-04-30,0.6833333333333333
2022-05-01,0.7999999999999999
2022-05-02,0.38333333333333336
2022-05-03,-0.049999999999999996
2022-05-04,-0.11666666666666665
2022-05-05,-0.4666666666666666
2022-05-07,-0.18333333333333335
2022-05-08,-0.6
2022-05-09,0.3
2022-05-10,-0.11666666666666665
2022-05-11,-0.13333333333333333
2022-05-12,0.18333333333333335
2022-05-14,0.06666666666666667
2022-05-15,-0.16666666666666669
2022-05-16,-0.13333333333333333
2022-05-17,0.31666666666666665
2022-05-18,0.45
2022-05-19,-0.35
2022-05-21,0.4666666666666666
2022-05-22,-0.45
2022-05-23,-0.5833333333333334
2022-05-24,-0.06666666666666667
2022-05-25,0.5333333333333333
2022-05-26,0.03333333333333333
2022-05-28,0.6666666666666667
2022-05-29,0.0
2022-05-30,0.2333333333333333
2022-05-31,0.3333333333333334
2022-06-01,-0.2333333333333333
2022-06-02,0.08333333333333334
2022-06-04,-0.38333333333333336
2022-06-05,0.15
2022-06-06,0.19999999999999998
2022-06-07,-0.31666666666666665
2022-06-08,-0.08333333333333334
2022-06-09,-0.25
2022-06-11,0.016666666666666666
2022-06-12,0.09999999999999999
2022-06-13,0.7999999999999999
2022-06-14,0.75
2022-06-15,-0.33333333333333337
2022-06-16,0.65
2022-06-18,0.26666666666666666
2022-06-19,0.41666666666666663
2022-06-20,-0.15
2022-06-21,-0.45
2022-06-22,-0.09999999999999999
2022-06-23,0.0
2022-06-25,-0.38333333333333336
2022-06-26,-0.3214285714285715
2022-06-27,0.7166666666666667
2022-06-28,0.15
2022-06-29,0.13333333333333333
2022-06-30,-0.09999999999999999
2022-07-02,-0.25
2022-07-03,-0.6833333333333333
2022-07-04,-0.15
2022-07-05,-0.19999999999999998
2022-07-07,-0.08333333333333334
2022-07-09,0.11666666666666665
2022-07-10,0.2833333333333333
2022-07-12,0.15
2022-07-13,-0.21666666666666667
2022-07-14,-0.08333333333333334
2022-07-16,-0.5166666666666667
2022-07-17,-0.19999999999999998
2022-07-18,0.13333333333333333
2022-07-19,-0.16666666666666669
2022-07-20,0.48333333333333334
2022-07-21,-0.6428571428571429
2022-07-23,-0.33333333333333337
2022-07-24,-0.3
2022-07-25,0.43333333333333335
2022-07-26,-0.41666666666666663
2022-07-27,-0.06666666666666667
2022-07-28,-0.21666666666666667
2022-07-30,-0.7833333333333333
2022-07-31,-0.5166666666666667
2022-08-01,0.35
2022-08-02,0.48333333333333334
2022-08-03,0.33333333333333337
2022-08-04,-0.25
2022-08-06,0.13333333333333333
2022-08-07,-0.26666666666666666
2022-08-08,0.11666666666666665
2022-08-09,-0.35
2022-08-10,-0.049999999999999996
2022-08-11,0.16666666666666669
2022-08-13,0.11666666666666665
2022-08-14,-0.6666666666666667
2022-08-15,0.43333333333333335
2022-08-16,0.39999999999999997
2022-08-17,0.2333333333333333
2022-08-18,-0.45
2022-08-20,-0.38333333333333336
2022-08-21,0.31666666666666665
2022-08-22,0.08333333333333334
2022-08-23,0.2833333333333333
2022-08-24,-0.21666666666666667
2022-08-25,0.25
2022-08-27,-0.43333333333333335
2022-08-28,0.16666666666666669
2022-08-29,-0.25
2022-08-30,-0.39999999999999997
2022-08-31,0.03333333333333333
2022-09-01,0.31666666666666665
2022-09-03,0.3666666666666667
2022-09-04,-0.21666666666666667
2022-09-05,0.8833333333333333
2022-09-06,-0.38333333333333336
2022-09-07,0.33333333333333337
2022-09-08,0.21666666666666667
2022-09-10,0.6333333333333333
2022-09-11,0.11666666666666665
2022-09-12,0.13333333333333333
2022-09-13,-0.6
2022-09-14,0.5952380952380953
2022-09-15,-0.5666666666666667
2022-09-17,0.2380952380952381
2022-09-18,-0.41666666666666663
2022-09-20,-0.15
2022-09-21,-0.31666666666666665
2022-09-22,0.11666666666666665
2022-09-24,-0.2333333333333333
2022-09-25,0.31666666666666665
2022-09-26,-0.06666666666666667
2022-09-27,0.21666666666666667
2022-09-28,0.26666666666666666
2022-09-29,0.19999999999999998
2022-10-01,0.2833333333333333
2022-10-02,-0.6333333333333333
2022-10-03,-0.41666666666666663
2022-10-05,0.35
2022-10-06,0.0
2022-10-08,-0.2333333333333333
2022-10-09,0.38333333333333336
2022-10-10,-0.03333333333333333
2022-10-11,-0.18333333333333335
2022-10-12,0.2333333333333333
2022-10-13,-0.18333333333333335
2022-10-15,0.11666666666666665
2022-10-16,-0.016666666666666666
2022-10-17,-0.11666666666666665
2022-10-18,0.7166666666666667
2022-10-19,-0.3
2022-10-20,0.26666666666666666
2022-10-22,0.6666666666666667
2022-10-23,0.5166666666666667
2022-10-24,-0.16666666666666669
2022-10-25,0.09999999999999999
2022-10-26,0.21666666666666667
2022-10-27,0.26666666666666666
2022-10-30,-0.13333333333333333
2022-10-31,0.45
2022-11-01,0.2333333333333333
2022-11-02,0.06666666666666667
2022-11-03,0.38333333333333336
2022-11-06,-0.43333333333333335
2022-11-07,0.3666666666666667
2022-11-08,0.03333333333333333
2022-11-09,0.9666666666666667
2022-11-10,0.03333333333333333
2022-11-12,0.39999999999999997
2022-11-13,-0.41666666666666663
2022-11-14,-0.39999999999999997
2022-11-15,-0.15
2022-11-16,0.11666666666666665
2022-11-17,-0.2333333333333333
2022-11-19,-0.16666666666666669
2022-11-20,-0.21666666666666667
2022-11-21,-0.03333333333333333
2022-11-22,0.06666666666666667
2022-11-23,0.39999999999999997
2022-11-24,-0.13333333333333333
2022-11-26,-0.7166666666666667
2022-11-27,-0.3
2022-11-28,-0.39999999999999997
2022-11-29,0.016666666666666666
2022-11-30,0.38333333333333336
2022-12-01,0.5833333333333334
2022-12-03,-0.03333333333333333
2022-12-04,0.11666666666666665
2022-12-05,0.08333333333333334
2022-12-06,0.8333333333333333
2022-12-07,0.2833333333333333
2022-12-08,0.09999999999999999
2022-12-10,0.049999999999999996
2022-12-11,0.5
2022-12-12,0.7333333333333334
2022-12-13,0.31666666666666665
2022-12-14,0.33333333333333337
2022-12-15,-0.6
2022-12-17,0.3
2022-12-18,0.26666666666666666
2022-12-19,-0.09999999999999999
2022-12-20,0.18333333333333335
2022-12-21,0.2333333333333333
2022-12-22,-0.016666666666666666
2022-12-24,0.016666666666666666
2022-12-25,-0.3666666666666667
2022-12-26,-0.09999999999999999
2022-12-27,-0.21666666666666667
2022-12-28,0.7999999999999999
2022-12-29,-0.7833333333333333
2022-12-31,-0.18333333333333335
2023-01-01,0.39999999999999997
2023-01-02,0.13333333333333333
2023-01-03,-0.2833333333333333
2023-01-04,0.08333333333333334
2023-01-05,-0.049999999999999996
2023-01-07,-0.33333333333333337
2023-01-08,0.09999999999999999
2023-01-09,-0.33333333333333337
2023-01-10,-0.18333333333333335
2023-01-11,0.9166666666666666
2023-01-12,0.049999999999999996
2023-01-14,-0.38333333333333336
2023-01-15,0.09999999999999999
2023-01-16,-0.41666666666666663
2023-01-17,0.2333333333333333
2023-01-18,0.25
2023-01-19,0.13333333333333333
2023-01-21,0.08333333333333334
2023-01-22,-0.5666666666666667
2023-01-23,0.39999999999999997
2023-01-24,-0.09999999999999999
2023-01-25,-0.38333333333333336
2023-01-26,-0.06666666666666667
2023-01-28,0.38333333333333336
2023-01-29,-0.11666666666666665
2023-01-30,-0.06666666666666667
2023-01-31,-0.25
2023-02-01,-0.35
2023-02-02,0.5666666666666667
2023-02-04,0.21666666666666667
2023-02-05,0.049999999999999996
2023-02-06,0.11666666666666665
2023-02-07,-0.7333333333333334
2023-02-08,0.38333333333333336
2023-02-09,0.48333333333333334
2023-02-11,0.18333333333333335
2023-02-12,-0.31666666666666665
2023-02-13,0.41666666666666663
2023-02-14,-0.43333333333333335
2023-02-15,-0.48333333333333334
2023-02-16,0.06666666666666667
2023-02-18,0.75
2023-02-19,0.3
2023-02-20,-0.5166666666666667
2023-02-21,0.5666666666666667
2023-02-22,-0.33333333333333337
2023-02-23,0.5666666666666667
2023-02-25,-0.43333333333333335
2023-02-26,-0.18333333333333335
2023-02-27,0.6
2023-02-28,-0.5
2023-03-01,-0.43333333333333335
2023-03-02,0.09999999999999999
2023-03-04,-0.06666666666666667
2023-03-05,-0.3142857142857143
2023-03-06,0.38333333333333336
2023-03-07,0.7333333333333334
2023-03-08,0.049999999999999996
2023-03-09,0.6333333333333333
2023-03-11,0.35
2023-03-12,0.6833333333333333
2023-03-13,-0.16666666666666669
2023-03-14,-0.41666666666666663
2023-03-15,-0.35
2023-03-16,0.7333333333333334
2023-03-18,0.13333333333333333
