,BTCUSD,ETHUSD,BNBUSD,SOLUSD,XRPUSD,DOGEUSD,ADAUSD,LTCUSD,BCHUSD,DOTUSD,coin_days,coins_live
2019-03-31,89.0,89.0,89,0.0,89.0,0.0,0.0,89.0,0.0,0.0,445.0,5
2019-06-30,90.0,90.0,90,0.0,90.0,0.0,0.0,90.0,0.0,0.0,450.0,5
2019-09-30,91.0,91.0,91,0.0,91.0,0.0,0.0,91.0,0.0,0.0,455.0,5
2019-12-31,90.0,90.0,90,0.0,90.0,0.0,0.0,90.0,33.0,0.0,483.0,6
2020-03-31,88.0,88.0,88,0.0,88.0,0.0,88.0,88.0,88.0,0.0,616.0,7
2020-06-30,89.0,89.0,89,0.0,89.0,0.0,89.0,89.0,89.0,0.0,623.0,7
2020-09-30,92.0,92.0,92,0.0,92.0,0.0,92.0,92.0,92.0,43.0,687.0,8
2020-12-31,89.0,89.0,89,0.0,89.0,0.0,89.0,89.0,89.0,89.0,712.0,8
2021-03-31,88.0,88.0,88,88.0,88.0,88.0,88.0,88.0,88.0,88.0,880.0,10
2021-06-30,89.0,89.0,89,89.0,89.0,89.0,89.0,89.0,89.0,89.0,890.0,10
2021-09-30,90.0,90.0,90,90.0,90.0,90.0,90.0,90.0,90.0,90.0,900.0,10
2021-12-31,92.0,92.0,92,92.0,92.0,92.0,92.0,92.0,92.0,92.0,920.0,10
2022-03-31,72.0,73.0,90,90.0,73.0,73.0,73.0,72.0,0.0,73.0,689.0,9
2022-06-30,78.0,78.0,91,91.0,77.0,78.0,78.0,78.0,0.0,76.0,725.0,9
2022-09-30,76.0,77.0,92,92.0,76.0,76.0,74.0,76.0,0.0,76.0,715.0,9
2022-12-31,75.0,75.0,92,92.0,75.0,75.0,75.0,75.0,0.0,75.0,709.0,9
2023-03-31,67.0,67.0,78,78.0,67.0,66.0,66.0,67.0,0.0,66.0,622.0,9
