t,vol_share,mean_abs_hourly_ret
0,0.04938245319153885,0.007759012255288568
1,0.040600520535585556,0.00636973851839527
2,0.03712150429252549,0.005632981565257694
3,0.035916426854331086,0.0053735310507894785
4,0.03688419641275344,0.005663110874138842
5,0.0359987895623652,0.005292170539023403
6,0.03709594248734187,0.005173872090676361
7,0.037719479781429185,0.005266200355629199
8,0.042478683851179165,0.005875041524553016
9,0.040889075718935644,0.005826940391914543
10,0.04501701009620153,0.00660428233050505
11,0.042835855111865516,0.00574677785042856
12,0.04857523379411226,0.006675389753509583
13,0.04885079131407409,0.006289577100701299
14,0.05088611149935523,0.006942785556111865
15,0.05326340044328275,0.00688999438555922
16,0.06105151332984009,0.008149791732162697
17,0.045114914996289154,0.00555383855239065
18,0.03750015020690321,0.005237067893798351
19,0.034815021070621184,0.0050477336171699085
20,0.03710679378660355,0.005703138041838833
21,0.031379631858641004,0.005662314264742798
22,0.033654120946406005,0.005684666183688206
23,0.03896522724141057,0.006664737721511392
