alpha,slice,n_days,coins_median,sd_ic_explore_null,ar1_explore_null,sd_ic_slice,power,alpha_size,P_ref_H1,P_ref_H0,w_sup_raw,w_ref_raw,w_sup,w_ref
A30,EXPLORE,429,5.0,0.49259234691964265,-0.0013960474662421244,0.49259234691964265,0.21,0.059,0.05466666666666667,0.21633333333333332,3.559322033898305,0.2526964560862866,3.559322033898305,0.2526964560862866
A30,C1,329,8.0,0.49259234691964265,-0.0013960474662421244,0.3723648136237223,0.26366666666666666,0.051666666666666666,0.058333333333333334,0.26033333333333336,5.103225806451613,0.22407170294494236,5.103225806451613,0.22407170294494236
A30,C2,287,10.0,0.49259234691964265,-0.0013960474662421244,0.3283948979464284,0.285,0.05266666666666667,0.056,0.2876666666666667,5.411392405063291,0.19466975666280417,5.411392405063291,0.19466975666280417
A30,C3,298,9.0,0.49259234691964265,-0.0013960474662421244,0.3483153888674757,0.274,0.04733333333333333,0.054,0.283,5.788732394366198,0.19081272084805656,5.788732394366198,0.19081272084805656
A30,VAL,213,9.0,0.49259234691964265,-0.0013960474662421244,0.3483153888674757,0.22633333333333333,0.051333333333333335,0.052333333333333336,0.227,4.409090909090909,0.23054331864904554,4.409090909090909,0.23054331864904554
A35,EXPLORE,377,5.0,0.48697633049805267,-0.002248624658250963,0.48697633049805267,0.20633333333333334,0.049,0.05266666666666667,0.19766666666666666,4.210884353741497,0.26644182124789206,4.210884353741497,0.26644182124789206
A35,C1,329,8.0,0.48697633049805267,-0.002248624658250963,0.36811950424932743,0.26766666666666666,0.051666666666666666,0.058333333333333334,0.2643333333333333,5.180645161290323,0.22068095838587645,5.180645161290323,0.22068095838587645
A35,C2,287,10.0,0.48697633049805267,-0.002248624658250963,0.32465088699870176,0.28833333333333333,0.05266666666666667,0.056,0.291,5.474683544303797,0.19243986254295534,5.474683544303797,0.19243986254295534
A35,C3,298,9.0,0.48697633049805267,-0.002248624658250963,0.3443442655725144,0.279,0.04733333333333333,0.054,0.286,5.894366197183099,0.18881118881118883,5.894366197183099,0.18881118881118883
A35,VAL,213,9.0,0.48697633049805267,-0.002248624658250963,0.3443442655725144,0.229,0.051333333333333335,0.052333333333333336,0.22933333333333333,4.461038961038961,0.22819767441860467,4.461038961038961,0.22819767441860467
A38,EXPLORE,468,5.0,0.48684742530351477,-0.009459918608124588,0.48684742530351477,0.22266666666666668,0.04666666666666667,0.04933333333333333,0.22266666666666668,4.771428571428571,0.2215568862275449,4.771428571428571,0.2215568862275449
A38,C1,329,8.0,0.48684742530351477,-0.009459918608124588,0.3680220610814841,0.26766666666666666,0.051666666666666666,0.058333333333333334,0.2643333333333333,5.180645161290323,0.22068095838587645,5.180645161290323,0.22068095838587645
A38,C2,287,10.0,0.48684742530351477,-0.009459918608124588,0.32456495020234316,0.28833333333333333,0.05266666666666667,0.056,0.291,5.474683544303797,0.19243986254295534,5.474683544303797,0.19243986254295534
A38,C3,298,9.0,0.48684742530351477,-0.009459918608124588,0.3442531158353265,0.2796666666666667,0.04733333333333333,0.054,0.286,5.908450704225353,0.18881118881118883,5.908450704225353,0.18881118881118883
A38,VAL,213,9.0,0.48684742530351477,-0.009459918608124588,0.3442531158353265,0.22933333333333333,0.051333333333333335,0.052333333333333336,0.22966666666666666,4.467532467532467,0.22786647314949204,4.467532467532467,0.22786647314949204
A53,EXPLORE,500,5.0,0.48642270931321746,-0.00997710290729369,0.48642270931321746,0.23933333333333334,0.04733333333333333,0.047,0.23933333333333334,5.056338028169015,0.19637883008356546,5.056338028169015,0.19637883008356546
A53,C1,329,8.0,0.48642270931321746,-0.00997710290729369,0.3677010059705815,0.26766666666666666,0.051666666666666666,0.058333333333333334,0.2643333333333333,5.180645161290323,0.22068095838587645,5.180645161290323,0.22068095838587645
A53,C2,287,10.0,0.48642270931321746,-0.00997710290729369,0.32428180620881164,0.289,0.05266666666666667,0.056,0.2916666666666667,5.487341772151899,0.192,5.487341772151899,0.192
A53,C3,298,9.0,0.48642270931321746,-0.00997710290729369,0.3439527962785089,0.2796666666666667,0.04733333333333333,0.054,0.28633333333333333,5.908450704225353,0.18859138533178113,5.908450704225353,0.18859138533178113
A53,VAL,213,9.0,0.48642270931321746,-0.00997710290729369,0.3439527962785089,0.22933333333333333,0.051333333333333335,0.052333333333333336,0.22966666666666666,4.467532467532467,0.22786647314949204,4.467532467532467,0.22786647314949204
A54,EXPLORE,504,5.0,0.4901405726541969,-0.005052095355368579,0.4901405726541969,0.23333333333333334,0.049,0.04766666666666667,0.241,4.761904761904762,0.19778699861687415,4.761904761904762,0.19778699861687415
A54,C1,329,8.0,0.4901405726541969,-0.005052095355368579,0.3705114464873687,0.265,0.051666666666666666,0.058333333333333334,0.262,5.129032258064516,0.22264631043256997,5.129032258064516,0.22264631043256997
A54,C2,287,10.0,0.4901405726541969,-0.005052095355368579,0.3267603817694646,0.2866666666666667,0.05266666666666667,0.056,0.288,5.443037974683545,0.19444444444444448,5.443037974683545,0.19444444444444448
A54,C3,298,9.0,0.4901405726541969,-0.005052095355368579,0.34658172265844034,0.27666666666666667,0.04733333333333333,0.054,0.2836666666666667,5.845070422535212,0.19036427732079905,5.845070422535212,0.19036427732079905
A54,VAL,213,9.0,0.4901405726541969,-0.005052095355368579,0.34658172265844034,0.22733333333333333,0.051333333333333335,0.052333333333333336,0.22766666666666666,4.428571428571429,0.2298682284040996,4.428571428571429,0.2298682284040996
