k,mean_share,ratio_to_median
0,0.023989913068948245,1.20399577249611
1,0.020158772484939736,1.0117200833876312
2,0.019677595207697022,0.9875709584634859
3,0.018561020800143904,0.9315327868157784
4,0.01860765954720279,0.9338734728421106
5,0.01736000589440541,0.8712567505893013
6,0.017967881982801102,0.9017645827155131
7,0.017012890388979487,0.8538358620725517
8,0.01816493700736297,0.9116542982738699
9,0.01659258365896702,0.8327416828384601
10,0.016978487280411694,0.8521092531783344
11,0.01718473494477169,0.8624603251169006
12,0.018310208273431973,0.918945112113401
13,0.017886788487924198,0.8976946961457654
14,0.019474887510053558,0.9773975489011539
15,0.019235101988582613,0.9653632929483686
16,0.022161145209108543,1.1122143322801494
17,0.020725364900224964,1.0401559877100508
18,0.02112233898487311,1.0600791578496513
19,0.02051579752106064,1.0296383073065511
20,0.022597520167755895,1.1341149370853678
21,0.020854652380780082,1.0466446139746668
22,0.02191268667125936,1.0997447985910849
23,0.021746991585370683,1.0914289625828433
24,0.025247504983402315,1.267111272088638
25,0.024159809568503717,1.2125224673048312
26,0.024662365200418847,1.2377445201955986
27,0.027640642823157775,1.3872170779656732
28,0.02761575527379897,1.385968031996658
29,0.02769861415219584,1.390126518899753
30,0.028049361552315053,1.4077296834357738
31,0.02605621602421502,1.3076985252191935
32,0.029413265203479724,1.4761807122233601
33,0.024596221574995254,1.234424931451834
34,0.023078324303137502,1.1582453349210895
35,0.02078649131322204,1.0432237746847184
36,0.02087339225912731,1.0475851231896152
37,0.019448493885108727,0.9760729166374565
38,0.019691721373876127,0.9882799166123687
39,0.019186905099445345,0.9629444075359056
40,0.020625360729916265,1.0351370200323602
41,0.018855202809307785,0.946297071053064
42,0.017473772066309103,0.8769663998752926
43,0.01604091832238306,0.8050549325292454
44,0.01799658550032157,0.9032051429064186
45,0.017141259660604133,0.8602784056495241
46,0.018615058589539938,0.9342448128994442
47,0.01829377302099604,0.918120266504503
