d,0
2018-08-19 00:00:00+00:00,-0.05120011325141161
2018-08-20 00:00:00+00:00,-0.05163475547665859
2018-08-21 00:00:00+00:00,-0.05177153812036083
2018-08-22 00:00:00+00:00,-0.053785055462164624
2018-08-23 00:00:00+00:00,-0.05352324403303544
2018-08-24 00:00:00+00:00,-0.04976939677606085
2018-08-25 00:00:00+00:00,-0.050158424024922404
2018-08-26 00:00:00+00:00,-0.049051602333735
2018-08-27 00:00:00+00:00,-0.049660883628499276
2018-08-28 00:00:00+00:00,-0.04931517232300497
2018-08-29 00:00:00+00:00,-0.04937254391775859
2018-08-30 00:00:00+00:00,-0.04911526404824348
2018-08-31 00:00:00+00:00,-0.050305190504415224
2018-09-01 00:00:00+00:00,-0.05017717162351064
2018-09-02 00:00:00+00:00,-0.05102928568720355
2018-09-03 00:00:00+00:00,-0.051016594735716014
2018-09-04 00:00:00+00:00,-0.050530070228859116
2018-09-05 00:00:00+00:00,-0.04702460045920618
2018-09-06 00:00:00+00:00,-0.05109841948267202
2018-09-07 00:00:00+00:00,-0.06000615180240345
2018-09-08 00:00:00+00:00,-0.060117050529367735
2018-09-09 00:00:00+00:00,-0.060103384654267115
2018-09-10 00:00:00+00:00,-0.06412498479168698
2018-09-11 00:00:00+00:00,-0.06342710672479775
2018-09-12 00:00:00+00:00,-0.06585728110739641
2018-09-13 00:00:00+00:00,-0.06615435978852194
2018-09-14 00:00:00+00:00,-0.06618868144109916
2018-09-15 00:00:00+00:00,-0.06585013510121752
2018-09-16 00:00:00+00:00,-0.06716567378077169
2018-09-17 00:00:00+00:00,-0.08263746452454591
2018-09-18 00:00:00+00:00,-0.08105867091511952
2018-09-19 00:00:00+00:00,-0.0834447235747851
2018-09-20 00:00:00+00:00,-0.08376996256296429
2018-09-21 00:00:00+00:00,-0.08333670671992337
2018-09-22 00:00:00+00:00,-0.08346904732852514
2018-09-23 00:00:00+00:00,-0.08362213949774379
2018-09-24 00:00:00+00:00,-0.08308083497722973
2018-09-25 00:00:00+00:00,-0.08361718769997648
2018-09-26 00:00:00+00:00,-0.08337354574424974
2018-09-27 00:00:00+00:00,-0.08335777424588263
2018-09-28 00:00:00+00:00,-0.08335038249290179
2018-09-29 00:00:00+00:00,-0.08304514483089194
2018-09-30 00:00:00+00:00,-0.08311841516945316
2018-10-01 00:00:00+00:00,-0.08330800143766127
2018-10-02 00:00:00+00:00,-0.08134572234059011
2018-10-03 00:00:00+00:00,-0.082457276645934
2018-10-04 00:00:00+00:00,-0.0822139523062718
2018-10-05 00:00:00+00:00,-0.08220490333763239
2018-10-06 00:00:00+00:00,-0.08239937890749248
2018-10-07 00:00:00+00:00,-0.08190698910037682
2018-10-08 00:00:00+00:00,-0.08098147849055867
2018-10-09 00:00:00+00:00,-0.08031672722894934
2018-10-10 00:00:00+00:00,-0.0812438500227805
2018-10-11 00:00:00+00:00,-0.0811002374192527
2018-10-12 00:00:00+00:00,-0.08257041127489724
2018-10-13 00:00:00+00:00,-0.08253801649881952
2018-10-14 00:00:00+00:00,-0.08193209990426374
2018-10-15 00:00:00+00:00,-0.08304408789828095
2018-10-16 00:00:00+00:00,-0.08238478895886422
2018-10-17 00:00:00+00:00,-0.08236631382968607
2018-10-18 00:00:00+00:00,-0.08234438594773943
2018-10-19 00:00:00+00:00,-0.08251447462317336
2018-10-20 00:00:00+00:00,-0.08399709938817941
2018-10-21 00:00:00+00:00,-0.0840493711473445
2018-10-22 00:00:00+00:00,-0.08406614650946084
2018-10-23 00:00:00+00:00,-0.08366034133615535
2018-10-24 00:00:00+00:00,-0.08363847434712195
2018-10-25 00:00:00+00:00,-0.08357432938267087
2018-10-26 00:00:00+00:00,-0.08619476607976675
2018-10-27 00:00:00+00:00,-0.08629142862471932
2018-10-28 00:00:00+00:00,-0.08644058642330248
2018-10-29 00:00:00+00:00,-0.08670201383624132
2018-10-30 00:00:00+00:00,-0.08702985606894167
2018-10-31 00:00:00+00:00,-0.08689726794128134
2018-11-01 00:00:00+00:00,-0.08648182363837288
2018-11-02 00:00:00+00:00,-0.0866404146397736
2018-11-03 00:00:00+00:00,-0.08488375961129507
2018-11-04 00:00:00+00:00,-0.08479277847907851
2018-11-05 00:00:00+00:00,-0.08481366997937133
2018-11-06 00:00:00+00:00,-0.08784479016903989
2018-11-07 00:00:00+00:00,-0.08671462073648765
2018-11-08 00:00:00+00:00,-0.08590965379302923
2018-11-09 00:00:00+00:00,-0.08590917155611555
2018-11-10 00:00:00+00:00,-0.08628001992337984
2018-11-11 00:00:00+00:00,-0.08637368847605764
2018-11-12 00:00:00+00:00,-0.08565235227688539
2018-11-13 00:00:00+00:00,-0.08650618971450949
2018-11-14 00:00:00+00:00,-0.08199796674901833
2018-11-15 00:00:00+00:00,-0.0821589757174204
2018-11-16 00:00:00+00:00,-0.08390584083349001
2018-11-17 00:00:00+00:00,-0.08689134462045191
2018-11-18 00:00:00+00:00,-0.08692326845021832
2018-11-19 00:00:00+00:00,-0.08354495225123333
2018-11-20 00:00:00+00:00,-0.0789335490619652
2018-11-21 00:00:00+00:00,-0.0789898185472579
2018-11-22 00:00:00+00:00,-0.07645066921428115
2018-11-23 00:00:00+00:00,-0.07622042707847339
2018-11-24 00:00:00+00:00,-0.07681745617651807
2018-11-25 00:00:00+00:00,-0.07620051366979537
2018-11-26 00:00:00+00:00,-0.07179226649086218
2018-11-27 00:00:00+00:00,-0.07137198852941613
2018-11-28 00:00:00+00:00,-0.06819961624863165
2018-11-29 00:00:00+00:00,-0.06986147974868573
2018-11-30 00:00:00+00:00,-0.06945703647831115
2018-12-01 00:00:00+00:00,-0.06941149769570627
2018-12-02 00:00:00+00:00,-0.0588550404029444
2018-12-03 00:00:00+00:00,-0.05715347908353438
2018-12-04 00:00:00+00:00,-0.055968031640069936
2018-12-05 00:00:00+00:00,-0.058122776542733116
2018-12-06 00:00:00+00:00,-0.060505505679541265
2018-12-07 00:00:00+00:00,-0.06133749193702551
2018-12-08 00:00:00+00:00,-0.0625268746089269
2018-12-09 00:00:00+00:00,-0.07549769681278144
2018-12-10 00:00:00+00:00,-0.08462865962209833
2018-12-11 00:00:00+00:00,-0.08985389990564786
2018-12-12 00:00:00+00:00,-0.11562885319299682
2018-12-13 00:00:00+00:00,-0.11296279301761344
2018-12-14 00:00:00+00:00,-0.11404713010214691
2018-12-15 00:00:00+00:00,-0.11475281790993445
2018-12-16 00:00:00+00:00,-0.11466174145295782
2018-12-17 00:00:00+00:00,-0.11536041001327688
2018-12-18 00:00:00+00:00,-0.11434706629706679
2018-12-19 00:00:00+00:00,-0.1130322388681175
2018-12-20 00:00:00+00:00,-0.10992918011867017
2018-12-21 00:00:00+00:00,-0.10807719940545968
2018-12-22 00:00:00+00:00,-0.11938271754003106
2018-12-23 00:00:00+00:00,-0.1210833962517072
2018-12-24 00:00:00+00:00,-0.13010021949515904
2018-12-25 00:00:00+00:00,-0.05617273970715652
2018-12-26 00:00:00+00:00,-0.04491403411170977
2018-12-27 00:00:00+00:00,-0.04497637653711937
2018-12-28 00:00:00+00:00,-0.04862315949959538
2018-12-29 00:00:00+00:00,-0.053956236322006974
2018-12-30 00:00:00+00:00,-0.048175897105223735
2018-12-31 00:00:00+00:00,-0.04949542024944727
2019-01-01 00:00:00+00:00,-0.06099933824889175
2019-01-02 00:00:00+00:00,-0.06025379212534583
2019-01-03 00:00:00+00:00,-0.062146230353322535
2019-01-04 00:00:00+00:00,-0.06055919398683537
2019-01-05 00:00:00+00:00,-0.06567493994736433
2019-01-06 00:00:00+00:00,-0.06338642562766875
2019-01-07 00:00:00+00:00,-0.06874386384379237
2019-01-08 00:00:00+00:00,-0.06958015513705154
2019-01-09 00:00:00+00:00,-0.07494397281328773
2019-01-10 00:00:00+00:00,-0.07950302175999852
2019-01-11 00:00:00+00:00,-0.08503997725379314
2019-01-12 00:00:00+00:00,-0.06005584828629205
2019-01-13 00:00:00+00:00,-0.05643311916795508
2019-01-14 00:00:00+00:00,-0.055852842883721436
2019-01-15 00:00:00+00:00,-0.0561743796476289
2019-01-16 00:00:00+00:00,-0.05582882136581277
2019-01-17 00:00:00+00:00,-0.05570340706045211
2019-01-18 00:00:00+00:00,-0.0809247043432739
2019-01-19 00:00:00+00:00,-0.104912368322363
2019-01-20 00:00:00+00:00,-0.07620318984320042
2019-01-21 00:00:00+00:00,-0.08097066469572123
2019-01-22 00:00:00+00:00,-0.08097417089978629
2019-01-23 00:00:00+00:00,-0.05829670698795117
2019-01-24 00:00:00+00:00,-0.0541670296716461
2019-01-25 00:00:00+00:00,-0.05724311817820691
2019-01-26 00:00:00+00:00,-0.052133618637305965
2019-01-27 00:00:00+00:00,-0.051717396015421795
2019-01-28 00:00:00+00:00,-0.05538037044034994
2019-01-29 00:00:00+00:00,-0.05507269378158717
2019-01-30 00:00:00+00:00,-0.05516723959640848
2019-01-31 00:00:00+00:00,-0.05566671199798717
2019-02-01 00:00:00+00:00,-0.0547929316916469
2019-02-02 00:00:00+00:00,-0.052289560445408466
2019-02-03 00:00:00+00:00,-0.04943421607834747
2019-02-04 00:00:00+00:00,-0.06185486313594358
2019-02-05 00:00:00+00:00,-0.0598411167174493
2019-02-06 00:00:00+00:00,-0.06607469028734812
2019-02-07 00:00:00+00:00,-0.07595228624714845
2019-02-08 00:00:00+00:00,-0.0763314937100532
2019-02-09 00:00:00+00:00,-0.08050951313349533
2019-02-10 00:00:00+00:00,-0.08554529966868718
2019-02-11 00:00:00+00:00,-0.08788645509288899
2019-02-12 00:00:00+00:00,-0.08576144415814946
2019-02-13 00:00:00+00:00,-0.0842946010915437
2019-02-14 00:00:00+00:00,-0.08438262474235375
2019-02-15 00:00:00+00:00,-0.08537126467672192
2019-02-16 00:00:00+00:00,-0.08512971487117381
2019-02-17 00:00:00+00:00,-0.08494341480761942
2019-02-18 00:00:00+00:00,-0.08489973636285834
2019-02-19 00:00:00+00:00,-0.08670636623318739
2019-02-20 00:00:00+00:00,-0.08183193816886163
2019-02-21 00:00:00+00:00,-0.08544370079812258
2019-02-22 00:00:00+00:00,-0.08973973689085454
2019-02-23 00:00:00+00:00,-0.09287731783855595
2019-02-24 00:00:00+00:00,-0.09914557649355889
2019-02-25 00:00:00+00:00,-0.10080449968873491
2019-02-26 00:00:00+00:00,-0.10131932500241422
2019-02-27 00:00:00+00:00,-0.10061891129117989
2019-02-28 00:00:00+00:00,-0.0992334625887233
2019-03-01 00:00:00+00:00,-0.09922642124755517
2019-03-02 00:00:00+00:00,-0.10122496767717815
2019-03-03 00:00:00+00:00,-0.10111441192505337
2019-03-04 00:00:00+00:00,-0.10034794984202376
2019-03-05 00:00:00+00:00,-0.10557217568173281
2019-03-06 00:00:00+00:00,-0.0969959812619216
2019-03-07 00:00:00+00:00,-0.10138167676744143
2019-03-08 00:00:00+00:00,-0.09701411260460814
2019-03-09 00:00:00+00:00,-0.09291198573517317
2019-03-10 00:00:00+00:00,-0.0928551498195267
2019-03-11 00:00:00+00:00,-0.08379402807050246
2019-03-12 00:00:00+00:00,-0.08114111288274307
2019-03-13 00:00:00+00:00,-0.08092023432805912
2019-03-14 00:00:00+00:00,-0.07509011577035585
2019-03-15 00:00:00+00:00,-0.07804545127288683
2019-03-16 00:00:00+00:00,-0.06510663681590402
2019-03-17 00:00:00+00:00,-0.06420260658655924
2019-03-18 00:00:00+00:00,-0.06617505235791762
2019-03-19 00:00:00+00:00,-0.07400270944431814
2019-03-20 00:00:00+00:00,-0.06910301802361145
2019-03-21 00:00:00+00:00,-0.06865661119185759
2019-03-22 00:00:00+00:00,-0.0676021021234426
2019-03-23 00:00:00+00:00,-0.06096551820220065
2019-03-24 00:00:00+00:00,-0.061496221367852405
2019-03-25 00:00:00+00:00,-0.06071870424384943
2019-03-26 00:00:00+00:00,-0.05983349022492975
2019-03-27 00:00:00+00:00,-0.0572675386404948
2019-03-28 00:00:00+00:00,-0.057880139737807396
2019-03-29 00:00:00+00:00,-0.0605944227187195
2019-03-30 00:00:00+00:00,-0.05849671905503663
2019-03-31 00:00:00+00:00,-0.06280052484358882
2019-04-01 00:00:00+00:00,-0.06564152574800634
2019-04-02 00:00:00+00:00,-0.06387373644832105
2019-04-03 00:00:00+00:00,-0.05193489183746094
2019-04-04 00:00:00+00:00,-0.05107372903040331
2019-04-05 00:00:00+00:00,-0.049328833752572285
2019-04-06 00:00:00+00:00,-0.05062490148290267
2019-04-07 00:00:00+00:00,-0.05065901972858242
2019-04-08 00:00:00+00:00,-0.05098853292668685
2019-04-09 00:00:00+00:00,-0.053876334924909355
2019-04-10 00:00:00+00:00,-0.052323474641506953
2019-04-11 00:00:00+00:00,-0.05243068686224808
2019-04-12 00:00:00+00:00,-0.05226104948815785
2019-04-13 00:00:00+00:00,-0.048850524885625225
2019-04-14 00:00:00+00:00,-0.04916832022883756
2019-04-15 00:00:00+00:00,-0.05274788271770081
2019-04-16 00:00:00+00:00,-0.05315967675303471
2019-04-17 00:00:00+00:00,-0.05267282966646875
2019-04-18 00:00:00+00:00,-0.05281237214376009
2019-04-19 00:00:00+00:00,-0.052086965917895266
2019-04-20 00:00:00+00:00,-0.05597237630941164
2019-04-21 00:00:00+00:00,-0.05456102265636843
2019-04-22 00:00:00+00:00,-0.053780297818310334
2019-04-23 00:00:00+00:00,-0.0543661138942877
2019-04-24 00:00:00+00:00,-0.052952025203478456
2019-04-25 00:00:00+00:00,-0.05203922711230484
2019-04-26 00:00:00+00:00,-0.04896134472308076
2019-04-27 00:00:00+00:00,-0.05116626957664777
2019-04-28 00:00:00+00:00,-0.050768778524564274
2019-04-29 00:00:00+00:00,-0.05066231109481494
2019-04-30 00:00:00+00:00,-0.04968858588685065
2019-05-01 00:00:00+00:00,-0.04981517810642344
2019-05-02 00:00:00+00:00,-0.04993824249931781
2019-05-03 00:00:00+00:00,-0.05043869916061402
2019-05-04 00:00:00+00:00,-0.05262010652483669
2019-05-05 00:00:00+00:00,-0.050486272298805666
2019-05-06 00:00:00+00:00,-0.050343370264554425
2019-05-07 00:00:00+00:00,-0.060704792759554434
2019-05-08 00:00:00+00:00,-0.061008193720900224
2019-05-09 00:00:00+00:00,-0.060012076622097
2019-05-10 00:00:00+00:00,-0.05777866501153872
2019-05-11 00:00:00+00:00,-0.08211184956913647
2019-05-12 00:00:00+00:00,-0.07372778086504182
2019-05-13 00:00:00+00:00,-0.07690961720164172
2019-05-14 00:00:00+00:00,-0.06093239619201769
2019-05-15 00:00:00+00:00,-0.05750944119196659
2019-05-16 00:00:00+00:00,-0.05671977952874963
2019-05-17 00:00:00+00:00,-0.05422810085561855
2019-05-18 00:00:00+00:00,-0.05350306386539115
2019-05-19 00:00:00+00:00,-0.056897102139321094
2019-05-20 00:00:00+00:00,-0.05460834823320726
2019-05-21 00:00:00+00:00,-0.05572342954280783
2019-05-22 00:00:00+00:00,-0.05902776125136821
2019-05-23 00:00:00+00:00,-0.05978709422056129
2019-05-24 00:00:00+00:00,-0.05967797193351994
2019-05-25 00:00:00+00:00,-0.05754551140255741
2019-05-26 00:00:00+00:00,-0.05740203282156661
2019-05-27 00:00:00+00:00,-0.06279570568270589
2019-05-28 00:00:00+00:00,-0.06282778976904312
2019-05-29 00:00:00+00:00,-0.0634997213548111
2019-05-30 00:00:00+00:00,-0.0636168507831731
2019-05-31 00:00:00+00:00,-0.06330588254543904
2019-06-01 00:00:00+00:00,-0.062046867394048494
2019-06-02 00:00:00+00:00,-0.06225594457386964
2019-06-03 00:00:00+00:00,-0.06029779062934112
2019-06-04 00:00:00+00:00,-0.06163118030092293
2019-06-05 00:00:00+00:00,-0.06138762363397812
2019-06-06 00:00:00+00:00,-0.06141825229284117
2019-06-07 00:00:00+00:00,-0.061493477476910786
2019-06-08 00:00:00+00:00,-0.06278128745110732
2019-06-09 00:00:00+00:00,-0.06026798636089748
2019-06-10 00:00:00+00:00,-0.0550772352773773
2019-06-11 00:00:00+00:00,-0.05112732472457086
2019-06-12 00:00:00+00:00,-0.05009604731209187
2019-06-13 00:00:00+00:00,-0.04947875902805288
2019-06-14 00:00:00+00:00,-0.051270011923233966
2019-06-15 00:00:00+00:00,-0.05047076090139473
2019-06-16 00:00:00+00:00,-0.048377093542892186
2019-06-17 00:00:00+00:00,-0.04597192944048235
2019-06-18 00:00:00+00:00,-0.04657359734182373
2019-06-19 00:00:00+00:00,-0.046866010739217645
2019-06-20 00:00:00+00:00,-0.046320902118520156
2019-06-21 00:00:00+00:00,-0.03890099341519641
2019-06-22 00:00:00+00:00,-0.03294232244677545
2019-06-23 00:00:00+00:00,-0.022802180404018404
2019-06-24 00:00:00+00:00,-0.027083507460019536
2019-06-25 00:00:00+00:00,-0.026836374639471753
2019-06-26 00:00:00+00:00,-0.027318208173739703
2019-06-27 00:00:00+00:00,-0.042721257326808766
2019-06-28 00:00:00+00:00,-0.04314109691837396
2019-06-29 00:00:00+00:00,-0.04063715581522446
2019-06-30 00:00:00+00:00,-0.05313898553362379
2019-07-01 00:00:00+00:00,-0.05403492626618726
2019-07-02 00:00:00+00:00,-0.058754535878585146
2019-07-03 00:00:00+00:00,-0.05559348042524105
2019-07-04 00:00:00+00:00,-0.0533208389423701
2019-07-05 00:00:00+00:00,-0.05419727461562889
2019-07-06 00:00:00+00:00,-0.04752519693489824
2019-07-07 00:00:00+00:00,-0.04848042630533175
2019-07-08 00:00:00+00:00,-0.04849163277661043
2019-07-09 00:00:00+00:00,-0.04818201191536218
2019-07-10 00:00:00+00:00,-0.041771986736661854
2019-07-11 00:00:00+00:00,-0.04795679296410272
2019-07-12 00:00:00+00:00,-0.04335196496178808
2019-07-13 00:00:00+00:00,-0.04413150600150198
2019-07-14 00:00:00+00:00,-0.04038735574838389
2019-07-15 00:00:00+00:00,-0.02806125100272961
2019-07-16 00:00:00+00:00,-0.02855125125456885
2019-07-17 00:00:00+00:00,-0.028014724605353033
2019-07-18 00:00:00+00:00,-0.027007822249019875
2019-07-19 00:00:00+00:00,-0.026408190994690856
2019-07-20 00:00:00+00:00,-0.028115808427647312
2019-07-21 00:00:00+00:00,-0.028276770409336315
2019-07-22 00:00:00+00:00,-0.02822435702412614
2019-07-23 00:00:00+00:00,-0.02815949521376271
2019-07-24 00:00:00+00:00,-0.02652009735852209
2019-07-25 00:00:00+00:00,-0.023459546006768695
2019-07-26 00:00:00+00:00,-0.026537615116574004
2019-07-27 00:00:00+00:00,-0.023179270360402793
2019-07-28 00:00:00+00:00,-0.023127489767103864
2019-07-29 00:00:00+00:00,-0.022690151371879262
2019-07-30 00:00:00+00:00,-0.022380647736757867
2019-07-31 00:00:00+00:00,-0.01818835781095398
2019-08-01 00:00:00+00:00,-0.01814621555070115
2019-08-02 00:00:00+00:00,-0.017903416059167673
2019-08-03 00:00:00+00:00,-0.017516365633887268
2019-08-04 00:00:00+00:00,-0.017301297043778023
2019-08-05 00:00:00+00:00,-0.016375327822341676
2019-08-06 00:00:00+00:00,-0.017286415671939073
2019-08-07 00:00:00+00:00,-0.01736550540748833
2019-08-08 00:00:00+00:00,-0.016033217022904077
2019-08-09 00:00:00+00:00,-0.016826705572784206
2019-08-10 00:00:00+00:00,-0.01824442068002449
2019-08-11 00:00:00+00:00,-0.019780508364747696
2019-08-12 00:00:00+00:00,-0.019901447933843276
2019-08-13 00:00:00+00:00,-0.019121043064564976
2019-08-14 00:00:00+00:00,-0.017846637470972936
2019-08-15 00:00:00+00:00,-0.019352161926295318
2019-08-16 00:00:00+00:00,-0.019319849096907697
2019-08-17 00:00:00+00:00,-0.019718135130825723
2019-08-18 00:00:00+00:00,-0.01972189883237714
2019-08-19 00:00:00+00:00,-0.02047725180902294
2019-08-20 00:00:00+00:00,-0.019431030018509175
2019-08-21 00:00:00+00:00,-0.020066760320215593
2019-08-22 00:00:00+00:00,-0.021123504325614186
2019-08-23 00:00:00+00:00,-0.021966218906464406
2019-08-24 00:00:00+00:00,-0.022015074659223657
2019-08-25 00:00:00+00:00,-0.021756742551873792
2019-08-26 00:00:00+00:00,-0.01985113138989104
2019-08-27 00:00:00+00:00,-0.01752496148028657
2019-08-28 00:00:00+00:00,-0.017738958390493696
2019-08-29 00:00:00+00:00,-0.017742336190190038
2019-08-30 00:00:00+00:00,-0.018711650797759424
2019-08-31 00:00:00+00:00,-0.01913532303049097
2019-09-01 00:00:00+00:00,-0.019696692466610537
2019-09-02 00:00:00+00:00,-0.01938804871982174
2019-09-03 00:00:00+00:00,-0.018462177741045204
2019-09-04 00:00:00+00:00,-0.01936576279763634
2019-09-05 00:00:00+00:00,-0.019141234004969646
2019-09-06 00:00:00+00:00,-0.010239784565835406
2019-09-07 00:00:00+00:00,-0.010927202272812471
2019-09-08 00:00:00+00:00,-0.01118063635447913
2019-09-09 00:00:00+00:00,-0.011392421408786255
2019-09-10 00:00:00+00:00,-0.011249321580398946
2019-09-11 00:00:00+00:00,-0.009176256576030724
2019-09-12 00:00:00+00:00,-0.009162620949040851
2019-09-13 00:00:00+00:00,-0.008649932685369382
2019-09-14 00:00:00+00:00,-0.009827443040941535
2019-09-15 00:00:00+00:00,-0.009837000542526704
2019-09-16 00:00:00+00:00,-0.009718463695583464
2019-09-17 00:00:00+00:00,-0.00939158018703109
2019-09-18 00:00:00+00:00,-0.009491721871511583
2019-09-19 00:00:00+00:00,-0.009402392758497743
2019-09-20 00:00:00+00:00,-0.009404619460587153
2019-09-21 00:00:00+00:00,-0.009612964791624067
2019-09-22 00:00:00+00:00,-0.009670282308969174
2019-09-23 00:00:00+00:00,-0.009419404195567738
2019-09-24 00:00:00+00:00,-0.00865947224157524
2019-09-25 00:00:00+00:00,-0.0017472492398058427
2019-09-26 00:00:00+00:00,-0.0022253853010156203
2019-09-27 00:00:00+00:00,-0.0021205540699591715
2019-09-28 00:00:00+00:00,-0.002054992193521808
2019-09-29 00:00:00+00:00,-0.0018254333332021941
2019-09-30 00:00:00+00:00,-0.0025884293413039076
2019-10-01 00:00:00+00:00,-0.0031811084975223868
2019-10-02 00:00:00+00:00,-0.0035614270388468765
2019-10-03 00:00:00+00:00,-0.002363484845683568
2019-10-04 00:00:00+00:00,-0.0019123297535257415
2019-10-05 00:00:00+00:00,-0.0021966973173521793
2019-10-06 00:00:00+00:00,-0.0021722827574840262
2019-10-07 00:00:00+00:00,-0.0010181588147906095
2019-10-08 00:00:00+00:00,-0.0010852629127955872
2019-10-09 00:00:00+00:00,-0.0011895513140512757
2019-10-10 00:00:00+00:00,-0.001266806011398351
2019-10-11 00:00:00+00:00,-0.0010845479798801065
2019-10-12 00:00:00+00:00,-0.001363357188191999
2019-10-13 00:00:00+00:00,-0.0014515837293130537
2019-10-14 00:00:00+00:00,-0.0016985862991948364
2019-10-15 00:00:00+00:00,-0.0012337226259294194
2019-10-16 00:00:00+00:00,-0.001368772951329176
2019-10-17 00:00:00+00:00,-0.0014488160796039037
2019-10-18 00:00:00+00:00,-0.0014250942800011824
2019-10-19 00:00:00+00:00,-0.0019793490817743543
2019-10-20 00:00:00+00:00,-0.0022720893935046726
2019-10-21 00:00:00+00:00,-0.0023626110805283172
2019-10-22 00:00:00+00:00,-0.002215794414776867
2019-10-23 00:00:00+00:00,-0.0021988905012605524
2019-10-24 00:00:00+00:00,-0.0018943553640672988
2019-10-25 00:00:00+00:00,-0.0016010153749406644
2019-10-26 00:00:00+00:00,0.0019247853661387643
2019-10-27 00:00:00+00:00,0.003922249917958657
2019-10-28 00:00:00+00:00,-0.005984028483088555
2019-10-29 00:00:00+00:00,-0.005677944948931167
2019-10-30 00:00:00+00:00,-0.005460990740978247
2019-10-31 00:00:00+00:00,-0.005350058269559319
2019-11-01 00:00:00+00:00,-0.0054199957459051306
2019-11-02 00:00:00+00:00,-0.00545783099260312
2019-11-03 00:00:00+00:00,-0.005396808938580865
2019-11-04 00:00:00+00:00,-0.005041502584895167
2019-11-05 00:00:00+00:00,-0.004435387858826434
2019-11-06 00:00:00+00:00,-0.0043561461293738285
2019-11-07 00:00:00+00:00,-0.004735234621261707
2019-11-08 00:00:00+00:00,-0.003883813669811126
2019-11-09 00:00:00+00:00,-0.0038693814557357086
2019-11-10 00:00:00+00:00,-0.003690462004731921
2019-11-11 00:00:00+00:00,-0.003928010430310479
2019-11-12 00:00:00+00:00,-0.004045402569435401
2019-11-13 00:00:00+00:00,-0.004250880410003998
2019-11-14 00:00:00+00:00,-0.0046310262211305825
2019-11-15 00:00:00+00:00,-0.0006867785014937667
2019-11-16 00:00:00+00:00,0.0006084270089982551
2019-11-17 00:00:00+00:00,0.0012167677554776922
2019-11-18 00:00:00+00:00,0.0015958558845024892
2019-11-19 00:00:00+00:00,-0.002813129050106593
2019-11-20 00:00:00+00:00,-0.014853299012825217
2019-11-21 00:00:00+00:00,-0.01490715114800744
2019-11-22 00:00:00+00:00,-0.01789615250610044
2019-11-23 00:00:00+00:00,-0.018791990922285343
2019-11-24 00:00:00+00:00,-0.014444552905293536
2019-11-25 00:00:00+00:00,-0.008899558109164285
2019-11-26 00:00:00+00:00,-0.017059526165797683
2019-11-27 00:00:00+00:00,-0.018573116066552382
2019-11-28 00:00:00+00:00,-0.024908342389743696
2019-11-29 00:00:00+00:00,-0.0248371482140074
2019-11-30 00:00:00+00:00,-0.025249002684160242
2019-12-01 00:00:00+00:00,-0.023839171078196778
2019-12-02 00:00:00+00:00,-0.02199724760376681
2019-12-03 00:00:00+00:00,-0.02452752054351393
2019-12-04 00:00:00+00:00,-0.024785719137182825
2019-12-05 00:00:00+00:00,-0.02469502302402083
2019-12-06 00:00:00+00:00,-0.025355570084866445
2019-12-07 00:00:00+00:00,-0.023263434026056747
2019-12-08 00:00:00+00:00,-0.022701862169425484
2019-12-09 00:00:00+00:00,-0.022214806472907137
2019-12-10 00:00:00+00:00,-0.021773222129320983
2019-12-11 00:00:00+00:00,-0.021784443636346573
2019-12-12 00:00:00+00:00,-0.021612035412404175
2019-12-13 00:00:00+00:00,-0.021071374150662108
2019-12-14 00:00:00+00:00,-0.018811165111725012
2019-12-15 00:00:00+00:00,-0.019194580080341795
2019-12-16 00:00:00+00:00,-0.019078175680183072
2019-12-17 00:00:00+00:00,-0.019220679988567153
2019-12-18 00:00:00+00:00,-0.020902810204466618
2019-12-19 00:00:00+00:00,-0.025805934051033885
2019-12-20 00:00:00+00:00,-0.02977597642167696
2019-12-21 00:00:00+00:00,-0.02927885767020298
2019-12-22 00:00:00+00:00,-0.029858042775075855
2019-12-23 00:00:00+00:00,-0.03110005580717207
2019-12-24 00:00:00+00:00,-0.027344795308022442
2019-12-25 00:00:00+00:00,-0.004177993778329737
2019-12-26 00:00:00+00:00,-0.004348441512859602
2019-12-27 00:00:00+00:00,-0.0021937700068756795
2019-12-28 00:00:00+00:00,-0.0025335394939672174
2019-12-29 00:00:00+00:00,0.0032588987796955114
2019-12-30 00:00:00+00:00,0.0051060563167761586
2019-12-31 00:00:00+00:00,0.00501455367090767
2020-01-01 00:00:00+00:00,0.004660624451038952
2020-01-02 00:00:00+00:00,0.003477193678391366
2020-01-03 00:00:00+00:00,0.0035496292531893817
2020-01-04 00:00:00+00:00,0.0026545845463721296
2020-01-05 00:00:00+00:00,0.0036258924626771266
2020-01-06 00:00:00+00:00,0.0037301545048394873
2020-01-07 00:00:00+00:00,0.012796815679973894
2020-01-08 00:00:00+00:00,0.0031352709720417673
2020-01-09 00:00:00+00:00,0.0038869231840708554
2020-01-10 00:00:00+00:00,0.006484822646131892
2020-01-11 00:00:00+00:00,0.008499569166475719
2020-01-12 00:00:00+00:00,0.00890573461793453
2020-01-13 00:00:00+00:00,0.009284755364145608
2020-01-14 00:00:00+00:00,0.00874351251769854
2020-01-15 00:00:00+00:00,0.007900734141793575
2020-01-16 00:00:00+00:00,0.008301594227767337
2020-01-17 00:00:00+00:00,0.008329767483882132
2020-01-18 00:00:00+00:00,0.007473448251334838
2020-01-19 00:00:00+00:00,0.007612812945819408
2020-01-20 00:00:00+00:00,0.008002960753000969
2020-01-21 00:00:00+00:00,0.008014815411712988
2020-01-22 00:00:00+00:00,0.008147130763645306
2020-01-23 00:00:00+00:00,0.007137310299140712
2020-01-24 00:00:00+00:00,0.007379463659259176
2020-01-25 00:00:00+00:00,0.00826459354954966
2020-01-26 00:00:00+00:00,0.007904546519593564
2020-01-27 00:00:00+00:00,0.005630278289050182
2020-01-28 00:00:00+00:00,0.011863525170726539
2020-01-29 00:00:00+00:00,0.012433564414725649
2020-01-30 00:00:00+00:00,0.013135969448359795
2020-01-31 00:00:00+00:00,0.013254083756761835
2020-02-01 00:00:00+00:00,0.012566332176818367
2020-02-02 00:00:00+00:00,0.012782282449882304
2020-02-03 00:00:00+00:00,0.012630918307955907
2020-02-04 00:00:00+00:00,0.013017482109946073
2020-02-05 00:00:00+00:00,0.013101159407205028
2020-02-06 00:00:00+00:00,0.012285117272018796
2020-02-07 00:00:00+00:00,0.012478189180460692
2020-02-08 00:00:00+00:00,0.01280241866060286
2020-02-09 00:00:00+00:00,0.01334001741868561
2020-02-10 00:00:00+00:00,0.013182797508680346
2020-02-11 00:00:00+00:00,0.011868459966355717
2020-02-12 00:00:00+00:00,0.011875738900541645
2020-02-13 00:00:00+00:00,0.011858438437205222
2020-02-14 00:00:00+00:00,0.011820303333513556
2020-02-15 00:00:00+00:00,0.011649539795563735
2020-02-16 00:00:00+00:00,0.011494975605430786
2020-02-17 00:00:00+00:00,0.011189753562582646
2020-02-18 00:00:00+00:00,0.011308045207116294
2020-02-19 00:00:00+00:00,0.014676081722255006
2020-02-20 00:00:00+00:00,0.014935851869409045
2020-02-21 00:00:00+00:00,0.015517208949033917
2020-02-22 00:00:00+00:00,0.015589034079466978
2020-02-23 00:00:00+00:00,0.015660423931658212
2020-02-24 00:00:00+00:00,0.01724686464136122
2020-02-25 00:00:00+00:00,0.01966869381960454
2020-02-26 00:00:00+00:00,0.018682167259474233
2020-02-27 00:00:00+00:00,0.016455241779110116
2020-02-28 00:00:00+00:00,0.014425751149526298
2020-02-29 00:00:00+00:00,0.01141470715204274
2020-03-01 00:00:00+00:00,0.009529948206679299
2020-03-02 00:00:00+00:00,0.009555301712269225
2020-03-03 00:00:00+00:00,0.01027946491081626
2020-03-04 00:00:00+00:00,0.009859825260740538
2020-03-05 00:00:00+00:00,0.009393798423818584
2020-03-06 00:00:00+00:00,0.009466202062554812
2020-03-07 00:00:00+00:00,0.009510416012385689
2020-03-08 00:00:00+00:00,0.023917690054793047
2020-03-09 00:00:00+00:00,0.025673001956258792
2020-03-10 00:00:00+00:00,0.026469200250433946
2020-03-11 00:00:00+00:00,0.02685092245898883
2020-03-12 00:00:00+00:00,0.026583162614545432
2020-03-13 00:00:00+00:00,0.026536722228814758
2020-03-14 00:00:00+00:00,0.010337034456488297
2020-03-15 00:00:00+00:00,0.009974840522864093
2020-03-16 00:00:00+00:00,0.0025683550303516843
2020-03-17 00:00:00+00:00,0.01624091337163216
2020-03-18 00:00:00+00:00,0.023787210978077296
2020-03-19 00:00:00+00:00,0.023439891463671404
2020-03-20 00:00:00+00:00,0.026812033401554098
2020-03-21 00:00:00+00:00,0.025372932715495164
2020-03-22 00:00:00+00:00,0.028023273136247858
2020-03-23 00:00:00+00:00,0.034638154927646846
2020-03-24 00:00:00+00:00,0.02925260193089436
2020-03-25 00:00:00+00:00,0.026919967597924203
2020-03-26 00:00:00+00:00,0.026073780410607466
2020-03-27 00:00:00+00:00,0.003190390782856649
2020-03-28 00:00:00+00:00,-0.004511194779874397
2020-03-29 00:00:00+00:00,-0.004052112267781374
2020-03-30 00:00:00+00:00,-0.00567040487094528
2020-03-31 00:00:00+00:00,-0.0059822503915036825
2020-04-01 00:00:00+00:00,-0.01926885446494398
2020-04-02 00:00:00+00:00,-0.027812177176380848
2020-04-03 00:00:00+00:00,-0.027279436642708488
2020-04-04 00:00:00+00:00,-0.027769208780687123
2020-04-05 00:00:00+00:00,-0.02739877501203983
2020-04-06 00:00:00+00:00,-0.024149760788942376
2020-04-07 00:00:00+00:00,-0.022740316688186005
2020-04-08 00:00:00+00:00,-0.022762235456975744
2020-04-09 00:00:00+00:00,-0.023287338789335008
2020-04-10 00:00:00+00:00,-0.023678724884133636
2020-04-11 00:00:00+00:00,-0.02392221680104978
2020-04-12 00:00:00+00:00,-0.02410654458976323
2020-04-13 00:00:00+00:00,-0.023649941511678117
2020-04-14 00:00:00+00:00,-0.023427009100686097
2020-04-15 00:00:00+00:00,-0.02367870094589575
2020-04-16 00:00:00+00:00,-0.019565327741046756
2020-04-17 00:00:00+00:00,-0.01563152342847843
2020-04-18 00:00:00+00:00,-0.015698529308284855
2020-04-19 00:00:00+00:00,-0.01430274060171482
2020-04-20 00:00:00+00:00,-0.014639870027199992
2020-04-21 00:00:00+00:00,-0.01620024319111143
2020-04-22 00:00:00+00:00,-0.016441771911688677
2020-04-23 00:00:00+00:00,-0.016718823015646526
2020-04-24 00:00:00+00:00,-0.016357534074875286
2020-04-25 00:00:00+00:00,-0.016556880436005627
2020-04-26 00:00:00+00:00,-0.016035593357266915
2020-04-27 00:00:00+00:00,-0.014677571656715323
2020-04-28 00:00:00+00:00,-0.014026222652034447
2020-04-29 00:00:00+00:00,-0.013489965116788133
2020-04-30 00:00:00+00:00,-0.012839178769602904
2020-05-01 00:00:00+00:00,-0.015792155903756492
2020-05-02 00:00:00+00:00,-0.016317004015116154
2020-05-03 00:00:00+00:00,-0.01586871015193006
2020-05-04 00:00:00+00:00,-0.017142193359507858
2020-05-05 00:00:00+00:00,-0.017365575055577415
2020-05-06 00:00:00+00:00,-0.004960478708583681
2020-05-07 00:00:00+00:00,-0.003386198034127803
2020-05-08 00:00:00+00:00,-0.002954038848227726
2020-05-09 00:00:00+00:00,-0.003839982040761683
2020-05-10 00:00:00+00:00,-0.020546402458105725
2020-05-11 00:00:00+00:00,-0.021770191308203162
2020-05-12 00:00:00+00:00,-0.01991541312491443
2020-05-13 00:00:00+00:00,-0.025419461402219547
2020-05-14 00:00:00+00:00,-0.026837784405090298
2020-05-15 00:00:00+00:00,-0.02663770949943906
2020-05-16 00:00:00+00:00,-0.02714663035175075
2020-05-17 00:00:00+00:00,-0.027170629481098045
2020-05-18 00:00:00+00:00,-0.025594470059815293
2020-05-19 00:00:00+00:00,-0.027607763814241536
2020-05-20 00:00:00+00:00,-0.027557868636953035
2020-05-21 00:00:00+00:00,-0.026539804651533095
2020-05-22 00:00:00+00:00,-0.027020133118302887
2020-05-23 00:00:00+00:00,-0.026437573226672305
2020-05-24 00:00:00+00:00,-0.026277538695394818
2020-05-25 00:00:00+00:00,-0.02641861686881254
2020-05-26 00:00:00+00:00,-0.024548716535418416
2020-05-27 00:00:00+00:00,-0.02387802795953448
2020-05-28 00:00:00+00:00,-0.023488823394948455
2020-05-29 00:00:00+00:00,-0.023343718538379386
2020-05-30 00:00:00+00:00,-0.023796037002420844
2020-05-31 00:00:00+00:00,-0.024184652196695248
2020-06-01 00:00:00+00:00,-0.023024083141102186
2020-06-02 00:00:00+00:00,-0.023680394097177333
2020-06-03 00:00:00+00:00,-0.02237822477908749
2020-06-04 00:00:00+00:00,-0.02184597028565862
2020-06-05 00:00:00+00:00,-0.021849431077436896
2020-06-06 00:00:00+00:00,-0.022121263784287106
2020-06-07 00:00:00+00:00,-0.021648352302191018
2020-06-08 00:00:00+00:00,-0.021306703584430407
2020-06-09 00:00:00+00:00,-0.02003465248740694
2020-06-10 00:00:00+00:00,-0.020277882617380106
2020-06-11 00:00:00+00:00,-0.019480033193843484
2020-06-12 00:00:00+00:00,-0.01912276273245453
2020-06-13 00:00:00+00:00,-0.01912018979916465
2020-06-14 00:00:00+00:00,-0.019254087474398832
2020-06-15 00:00:00+00:00,-0.019824999064863454
2020-06-16 00:00:00+00:00,-0.021294796852061752
2020-06-17 00:00:00+00:00,-0.02128425907998087
2020-06-18 00:00:00+00:00,-0.02114345675293028
2020-06-19 00:00:00+00:00,-0.0212441192251385
2020-06-20 00:00:00+00:00,-0.024815452421437716
2020-06-21 00:00:00+00:00,-0.026974710947527174
2020-06-22 00:00:00+00:00,-0.03193037704113123
2020-06-23 00:00:00+00:00,-0.029244684803989257
2020-06-24 00:00:00+00:00,-0.029563680095868353
2020-06-25 00:00:00+00:00,-0.03029030025396391
2020-06-26 00:00:00+00:00,-0.02318480314464573
2020-06-27 00:00:00+00:00,-0.02335489922672045
2020-06-28 00:00:00+00:00,-0.02410342108222172
2020-06-29 00:00:00+00:00,-0.01835117840423454
2020-06-30 00:00:00+00:00,-0.017757279873793195
2020-07-01 00:00:00+00:00,-0.015321680678629193
2020-07-02 00:00:00+00:00,-0.016681447663168952
2020-07-03 00:00:00+00:00,-0.017531018032044515
2020-07-04 00:00:00+00:00,-0.017156373089836686
2020-07-05 00:00:00+00:00,-0.02104176147039083
2020-07-06 00:00:00+00:00,-0.02073931534275029
2020-07-07 00:00:00+00:00,-0.02041029833113702
2020-07-08 00:00:00+00:00,-0.02065555106971577
2020-07-09 00:00:00+00:00,-0.025233740453782058
2020-07-10 00:00:00+00:00,-0.021585502751438945
2020-07-11 00:00:00+00:00,-0.021221298318034203
2020-07-12 00:00:00+00:00,-0.020775889434213587
2020-07-13 00:00:00+00:00,-0.022347286995171325
2020-07-14 00:00:00+00:00,-0.029721386641389822
2020-07-15 00:00:00+00:00,-0.029730036523103437
2020-07-16 00:00:00+00:00,-0.03033628337892607
2020-07-17 00:00:00+00:00,-0.031025315006343143
2020-07-18 00:00:00+00:00,-0.031236958026728892
2020-07-19 00:00:00+00:00,-0.029101756492317724
2020-07-20 00:00:00+00:00,-0.02945571714268621
2020-07-21 00:00:00+00:00,-0.029343770650328428
2020-07-22 00:00:00+00:00,-0.029436558809402404
2020-07-23 00:00:00+00:00,-0.03025802956281789
2020-07-24 00:00:00+00:00,-0.030101476880818604
2020-07-25 00:00:00+00:00,-0.02805609125197182
2020-07-26 00:00:00+00:00,-0.03150102711188555
2020-07-27 00:00:00+00:00,-0.030271769527696942
2020-07-28 00:00:00+00:00,-0.03024558494964689
2020-07-29 00:00:00+00:00,-0.030342317738983677
2020-07-30 00:00:00+00:00,-0.0316258349644169
2020-07-31 00:00:00+00:00,-0.03159453187388514
2020-08-01 00:00:00+00:00,-0.03249723313425032
2020-08-02 00:00:00+00:00,-0.03256805096737593
2020-08-03 00:00:00+00:00,-0.032817007104173124
2020-08-04 00:00:00+00:00,-0.0337012848153848
2020-08-05 00:00:00+00:00,-0.03369709560442291
2020-08-06 00:00:00+00:00,-0.03396535526767846
2020-08-07 00:00:00+00:00,-0.0326901742504089
2020-08-08 00:00:00+00:00,-0.03238619375781371
2020-08-09 00:00:00+00:00,-0.0320082694595909
2020-08-10 00:00:00+00:00,-0.03156808675770788
2020-08-11 00:00:00+00:00,-0.031380159158385816
2020-08-12 00:00:00+00:00,-0.03126844186779944
2020-08-13 00:00:00+00:00,-0.03032779652588585
2020-08-14 00:00:00+00:00,-0.029278206707757267
2020-08-15 00:00:00+00:00,-0.028791284972224915
2020-08-16 00:00:00+00:00,-0.028454217129688385
2020-08-17 00:00:00+00:00,-0.027651841961459284
2020-08-18 00:00:00+00:00,-0.027393318195563916
2020-08-19 00:00:00+00:00,-0.027218722585085404
2020-08-20 00:00:00+00:00,-0.026680420144432556
2020-08-21 00:00:00+00:00,-0.02655915377982553
2020-08-22 00:00:00+00:00,-0.026268549198327155
2020-08-23 00:00:00+00:00,-0.026235428191068746
2020-08-24 00:00:00+00:00,-0.026027869306302368
2020-08-25 00:00:00+00:00,-0.028846439283862636
2020-08-26 00:00:00+00:00,-0.02865532766280038
2020-08-27 00:00:00+00:00,-0.028834878489740905
2020-08-28 00:00:00+00:00,-0.028973692060312722
2020-08-29 00:00:00+00:00,-0.02845685231220861
2020-08-30 00:00:00+00:00,-0.028151209404319998
2020-08-31 00:00:00+00:00,-0.027847707602882816
2020-09-01 00:00:00+00:00,-0.02658597986956513
2020-09-02 00:00:00+00:00,-0.027601989044885363
2020-09-03 00:00:00+00:00,-0.027476915217121034
2020-09-04 00:00:00+00:00,-0.027709118306171183
2020-09-05 00:00:00+00:00,-0.024445180370050456
2020-09-06 00:00:00+00:00,-0.024003634127464136
2020-09-07 00:00:00+00:00,-0.023636681221856207
2020-09-08 00:00:00+00:00,-0.02401643269266122
2020-09-09 00:00:00+00:00,-0.024129810513638467
2020-09-10 00:00:00+00:00,-0.024894654299865336
2020-09-11 00:00:00+00:00,-0.024596325356020632
2020-09-12 00:00:00+00:00,-0.025096581037651288
2020-09-13 00:00:00+00:00,-0.02514583149569071
2020-09-14 00:00:00+00:00,-0.025338726582181444
2020-09-15 00:00:00+00:00,-0.025347990006222235
2020-09-16 00:00:00+00:00,-0.025204700819209173
2020-09-17 00:00:00+00:00,-0.024945138704358768
2020-09-18 00:00:00+00:00,-0.02564459307736341
2020-09-19 00:00:00+00:00,-0.025294546068915128
2020-09-20 00:00:00+00:00,-0.025424014063428712
2020-09-21 00:00:00+00:00,-0.02581970066252712
2020-09-22 00:00:00+00:00,-0.025131144585129144
2020-09-23 00:00:00+00:00,-0.024565224176985524
2020-09-24 00:00:00+00:00,-0.028170716854236715
2020-09-25 00:00:00+00:00,-0.028431673257265075
2020-09-26 00:00:00+00:00,-0.02875436439540168
2020-09-27 00:00:00+00:00,-0.028421413665220944
2020-09-28 00:00:00+00:00,-0.030093294886017374
2020-09-29 00:00:00+00:00,-0.02972061185692443
2020-09-30 00:00:00+00:00,-0.02965307627854709
2020-10-01 00:00:00+00:00,-0.029962347527747166
2020-10-02 00:00:00+00:00,-0.03049802962452384
2020-10-03 00:00:00+00:00,-0.03070244940293368
2020-10-04 00:00:00+00:00,-0.030551547548515384
2020-10-05 00:00:00+00:00,-0.029689481765628713
2020-10-06 00:00:00+00:00,-0.03056987010275755
2020-10-07 00:00:00+00:00,-0.030569060343846405
2020-10-08 00:00:00+00:00,-0.030577644372514222
2020-10-09 00:00:00+00:00,-0.030367935079143527
2020-10-10 00:00:00+00:00,-0.030929506885041647
2020-10-11 00:00:00+00:00,-0.0305927341265548
2020-10-12 00:00:00+00:00,-0.03048035514949834
2020-10-13 00:00:00+00:00,-0.03051941667872415
2020-10-14 00:00:00+00:00,-0.030418305351736428
2020-10-15 00:00:00+00:00,-0.030462418630467104
2020-10-16 00:00:00+00:00,-0.030453429850259162
2020-10-17 00:00:00+00:00,-0.030606938241596455
2020-10-18 00:00:00+00:00,-0.029895220897316475
2020-10-19 00:00:00+00:00,-0.02990163947356594
2020-10-20 00:00:00+00:00,-0.029803228987402362
2020-10-21 00:00:00+00:00,-0.03027478817644749
2020-10-22 00:00:00+00:00,-0.03069522432264044
2020-10-23 00:00:00+00:00,-0.030505242025021705
2020-10-24 00:00:00+00:00,-0.03134515114128253
2020-10-25 00:00:00+00:00,-0.03468258393737688
2020-10-26 00:00:00+00:00,-0.03672521205643761
2020-10-27 00:00:00+00:00,-0.02902154022298021
2020-10-28 00:00:00+00:00,-0.029700554316609746
2020-10-29 00:00:00+00:00,-0.029797164972701688
2020-10-30 00:00:00+00:00,-0.02946079422519184
2020-10-31 00:00:00+00:00,-0.029364931068645298
2020-11-01 00:00:00+00:00,-0.028729042973383204
2020-11-02 00:00:00+00:00,-0.029026293368136356
2020-11-03 00:00:00+00:00,-0.02879858912212407
2020-11-04 00:00:00+00:00,-0.029179321054525784
2020-11-05 00:00:00+00:00,-0.029213593421033395
2020-11-06 00:00:00+00:00,-0.029515226221696004
2020-11-07 00:00:00+00:00,-0.030103735038550832
2020-11-08 00:00:00+00:00,-0.030039265488964944
2020-11-09 00:00:00+00:00,-0.029897419685092925
2020-11-10 00:00:00+00:00,-0.029423226502312414
2020-11-11 00:00:00+00:00,-0.03045785428647507
2020-11-12 00:00:00+00:00,-0.031039824816112706
2020-11-13 00:00:00+00:00,-0.03041876617575436
2020-11-14 00:00:00+00:00,-0.030319912774587406
2020-11-15 00:00:00+00:00,-0.030219411276320236
2020-11-16 00:00:00+00:00,-0.029782861623512992
2020-11-17 00:00:00+00:00,-0.029860538768023834
2020-11-18 00:00:00+00:00,-0.029125442207806503
2020-11-19 00:00:00+00:00,-0.029709952851319377
2020-11-20 00:00:00+00:00,-0.029448928421307016
2020-11-21 00:00:00+00:00,-0.02920408578087311
2020-11-22 00:00:00+00:00,-0.02824032338741868
2020-11-23 00:00:00+00:00,-0.029284726503383082
2020-11-24 00:00:00+00:00,-0.032807145700344445
2020-11-25 00:00:00+00:00,-0.03285748335426671
2020-11-26 00:00:00+00:00,-0.03224879132961782
2020-11-27 00:00:00+00:00,-0.03266130374669789
2020-11-28 00:00:00+00:00,-0.03224583638067636
2020-11-29 00:00:00+00:00,-0.03216308794734969
2020-11-30 00:00:00+00:00,-0.030792956641774998
2020-12-01 00:00:00+00:00,-0.030990581792607157
2020-12-02 00:00:00+00:00,-0.03075556754961305
2020-12-03 00:00:00+00:00,-0.03198184054821905
2020-12-04 00:00:00+00:00,-0.032699481809760726
2020-12-05 00:00:00+00:00,-0.032163412319882415
2020-12-06 00:00:00+00:00,-0.03202661789620037
2020-12-07 00:00:00+00:00,-0.03204291096008006
2020-12-08 00:00:00+00:00,-0.03203129087188163
2020-12-09 00:00:00+00:00,-0.03235500492112079
2020-12-10 00:00:00+00:00,-0.03174207994698415
2020-12-11 00:00:00+00:00,-0.031240509189957206
2020-12-12 00:00:00+00:00,-0.030728788982410285
2020-12-13 00:00:00+00:00,-0.030808451362664576
2020-12-14 00:00:00+00:00,-0.03030488089305803
2020-12-15 00:00:00+00:00,-0.03018294391256927
2020-12-16 00:00:00+00:00,-0.03091056887263331
2020-12-17 00:00:00+00:00,-0.03185442116698165
2020-12-18 00:00:00+00:00,-0.03435882027650148
2020-12-19 00:00:00+00:00,-0.03447765430182533
2020-12-20 00:00:00+00:00,-0.032274708803464947
2020-12-21 00:00:00+00:00,-0.03472390927005129
2020-12-22 00:00:00+00:00,-0.03182827980412875
2020-12-23 00:00:00+00:00,-0.031703340480924096
2020-12-24 00:00:00+00:00,-0.032357975397242736
2020-12-25 00:00:00+00:00,-0.03283000141219866
2020-12-26 00:00:00+00:00,-0.03290591625743292
2020-12-27 00:00:00+00:00,-0.03543748499950899
2020-12-28 00:00:00+00:00,-0.03515677768936601
2020-12-29 00:00:00+00:00,-0.038007363617089715
2020-12-30 00:00:00+00:00,-0.036287505144205534
2020-12-31 00:00:00+00:00,-0.03697387250252927
2021-01-01 00:00:00+00:00,-0.037217559720755924
2021-01-02 00:00:00+00:00,-0.039715677543690445
2021-01-03 00:00:00+00:00,-0.03987413047590644
2021-01-04 00:00:00+00:00,-0.04202093716401931
2021-01-05 00:00:00+00:00,-0.040187908936486674
2021-01-06 00:00:00+00:00,-0.05203180804635862
2021-01-07 00:00:00+00:00,-0.043477331175326074
2021-01-08 00:00:00+00:00,-0.04422486696643437
2021-01-09 00:00:00+00:00,-0.04695576340390216
2021-01-10 00:00:00+00:00,-0.04923396580918542
2021-01-11 00:00:00+00:00,-0.05492474443931913
2021-01-12 00:00:00+00:00,-0.06988064640197791
2021-01-13 00:00:00+00:00,-0.07123846260659134
2021-01-14 00:00:00+00:00,-0.0666046144459779
2021-01-15 00:00:00+00:00,-0.06596125960486736
2021-01-16 00:00:00+00:00,-0.06710029845108342
2021-01-17 00:00:00+00:00,-0.0661773759620104
2021-01-18 00:00:00+00:00,-0.06604939349439408
2021-01-19 00:00:00+00:00,-0.06509526762569008
2021-01-20 00:00:00+00:00,-0.06622776691071336
2021-01-21 00:00:00+00:00,-0.06580157053240086
2021-01-22 00:00:00+00:00,-0.057680292106227764
2021-01-23 00:00:00+00:00,-0.05884888266275742
2021-01-24 00:00:00+00:00,-0.06052832910331845
2021-01-25 00:00:00+00:00,-0.06305273115345744
2021-01-26 00:00:00+00:00,-0.06423728103239637
2021-01-27 00:00:00+00:00,-0.06941227698541252
2021-01-28 00:00:00+00:00,-0.06851744406034618
2021-01-29 00:00:00+00:00,-0.06324762113083329
2021-01-30 00:00:00+00:00,-0.06316195074367054
2021-01-31 00:00:00+00:00,-0.06308073402633538
2021-02-01 00:00:00+00:00,-0.06010810896774252
2021-02-02 00:00:00+00:00,-0.061756475823959545
2021-02-03 00:00:00+00:00,-0.05959878735898683
2021-02-04 00:00:00+00:00,-0.06224568879978679
2021-02-05 00:00:00+00:00,-0.06032354660521465
2021-02-06 00:00:00+00:00,-0.06074015141433402
2021-02-07 00:00:00+00:00,-0.06135013027376581
2021-02-08 00:00:00+00:00,-0.0615600597677152
2021-02-09 00:00:00+00:00,-0.06162323604238337
2021-02-10 00:00:00+00:00,-0.06257432922383407
2021-02-11 00:00:00+00:00,-0.0624700070521736
2021-02-12 00:00:00+00:00,-0.06390404152100768
2021-02-13 00:00:00+00:00,-0.06385826868964739
2021-02-14 00:00:00+00:00,-0.06542439456953829
2021-02-15 00:00:00+00:00,-0.06571924616738507
2021-02-16 00:00:00+00:00,-0.06614077673365154
2021-02-17 00:00:00+00:00,-0.06685295952600215
2021-02-18 00:00:00+00:00,-0.06777177746594619
2021-02-19 00:00:00+00:00,-0.06688963500185231
2021-02-20 00:00:00+00:00,-0.0670491828123837
2021-02-21 00:00:00+00:00,-0.0670769101126074
2021-02-22 00:00:00+00:00,-0.0705329278791898
2021-02-23 00:00:00+00:00,-0.07496107262662213
2021-02-24 00:00:00+00:00,-0.08107048501438213
2021-02-25 00:00:00+00:00,-0.08998927258584284
2021-02-26 00:00:00+00:00,-0.0893048433356729
2021-02-27 00:00:00+00:00,-0.08156466900572425
2021-02-28 00:00:00+00:00,-0.08057549680168487
2021-03-01 00:00:00+00:00,-0.0793742760276244
2021-03-02 00:00:00+00:00,-0.07559078076460317
2021-03-03 00:00:00+00:00,-0.07765714759353916
2021-03-04 00:00:00+00:00,-0.0778397641040238
2021-03-05 00:00:00+00:00,-0.07633704908425035
2021-03-06 00:00:00+00:00,-0.0767146282787868
2021-03-07 00:00:00+00:00,-0.07682819836194962
2021-03-08 00:00:00+00:00,-0.0800864782135279
2021-03-09 00:00:00+00:00,-0.0821423035599576
2021-03-10 00:00:00+00:00,-0.08340394005759093
2021-03-11 00:00:00+00:00,-0.08434123313228811
2021-03-12 00:00:00+00:00,-0.08206073030128665
2021-03-13 00:00:00+00:00,-0.0798981841902058
2021-03-14 00:00:00+00:00,-0.07858963011901329
2021-03-15 00:00:00+00:00,-0.08454317035523838
2021-03-16 00:00:00+00:00,-0.08557696642225623
2021-03-17 00:00:00+00:00,-0.0943250657324921
2021-03-18 00:00:00+00:00,-0.09876718816289645
2021-03-19 00:00:00+00:00,-0.09639565114396689
2021-03-20 00:00:00+00:00,-0.09869553515148893
2021-03-21 00:00:00+00:00,-0.09914918272156384
2021-03-22 00:00:00+00:00,-0.09950808689237338
2021-03-23 00:00:00+00:00,-0.10562453602608092
2021-03-24 00:00:00+00:00,-0.10181125547725198
2021-03-25 00:00:00+00:00,-0.10282921633213048
2021-03-26 00:00:00+00:00,-0.10044129194492005
2021-03-27 00:00:00+00:00,-0.0874048199721767
2021-03-28 00:00:00+00:00,-0.08431923616415694
2021-03-29 00:00:00+00:00,-0.08459731939076491
2021-03-30 00:00:00+00:00,-0.08344587232200486
2021-03-31 00:00:00+00:00,-0.08338348564578019
2021-04-01 00:00:00+00:00,-0.07737611602678
2021-04-02 00:00:00+00:00,-0.07702881337503327
2021-04-03 00:00:00+00:00,-0.07910885748249617
2021-04-04 00:00:00+00:00,-0.07926646795343562
2021-04-05 00:00:00+00:00,-0.0793097473810098
2021-04-06 00:00:00+00:00,-0.08149393865097587
2021-04-07 00:00:00+00:00,-0.08350376736358905
2021-04-08 00:00:00+00:00,-0.0831287529600176
2021-04-09 00:00:00+00:00,-0.08291897902132808
2021-04-10 00:00:00+00:00,-0.08280294273435465
2021-04-11 00:00:00+00:00,-0.0821737253141719
2021-04-12 00:00:00+00:00,-0.08182643827304985
2021-04-13 00:00:00+00:00,-0.08292878133019711
2021-04-14 00:00:00+00:00,-0.08272245704475496
2021-04-15 00:00:00+00:00,-0.08285141908909364
2021-04-16 00:00:00+00:00,-0.08667771512259509
2021-04-17 00:00:00+00:00,-0.08932442835461299
2021-04-18 00:00:00+00:00,-0.08884058252755697
2021-04-19 00:00:00+00:00,-0.08992066617382524
2021-04-20 00:00:00+00:00,-0.08876405835544512
2021-04-21 00:00:00+00:00,-0.08787524782302904
2021-04-22 00:00:00+00:00,-0.08873754906341558
2021-04-23 00:00:00+00:00,-0.08747490098669922
2021-04-24 00:00:00+00:00,-0.08290269350885755
2021-04-25 00:00:00+00:00,-0.08268922044065131
2021-04-26 00:00:00+00:00,-0.07963574281470806
2021-04-27 00:00:00+00:00,-0.08058217807147489
2021-04-28 00:00:00+00:00,-0.08055666939768044
2021-04-29 00:00:00+00:00,-0.08096727952184263
2021-04-30 00:00:00+00:00,-0.08143839030126111
2021-05-01 00:00:00+00:00,-0.07950921641116794
2021-05-02 00:00:00+00:00,-0.07958612829665003
2021-05-03 00:00:00+00:00,-0.07910136725108986
2021-05-04 00:00:00+00:00,-0.07379746934088283
2021-05-05 00:00:00+00:00,-0.07077356992799919
2021-05-06 00:00:00+00:00,-0.07381593018702629
2021-05-07 00:00:00+00:00,-0.07379742944409089
2021-05-08 00:00:00+00:00,-0.07442946809991818
2021-05-09 00:00:00+00:00,-0.07360023189376326
2021-05-10 00:00:00+00:00,-0.08207180445138611
2021-05-11 00:00:00+00:00,-0.08002969891134853
2021-05-12 00:00:00+00:00,-0.08982956923366696
2021-05-13 00:00:00+00:00,-0.08954874092630488
2021-05-14 00:00:00+00:00,-0.08953285697369644
2021-05-15 00:00:00+00:00,-0.08689722719399844
2021-05-16 00:00:00+00:00,-0.07868618243642453
2021-05-17 00:00:00+00:00,-0.08180972238977166
2021-05-18 00:00:00+00:00,-0.08014111121999418
2021-05-19 00:00:00+00:00,-0.0891257619951835
2021-05-20 00:00:00+00:00,-0.09240456956644426
2021-05-21 00:00:00+00:00,-0.09049624522537716
2021-05-22 00:00:00+00:00,-0.0858597079252553
2021-05-23 00:00:00+00:00,-0.08602263690122397
2021-05-24 00:00:00+00:00,-0.0712457693350481
2021-05-25 00:00:00+00:00,-0.06834252775992497
2021-05-26 00:00:00+00:00,-0.07009981241903501
2021-05-27 00:00:00+00:00,-0.07220805817408238
2021-05-28 00:00:00+00:00,-0.07162955525872558
2021-05-29 00:00:00+00:00,-0.07356298276964827
2021-05-30 00:00:00+00:00,-0.07452787518636855
2021-05-31 00:00:00+00:00,-0.07396704579589498
2021-06-01 00:00:00+00:00,-0.07538121019235923
2021-06-02 00:00:00+00:00,-0.07394182531906791
2021-06-03 00:00:00+00:00,-0.0744076235056791
2021-06-04 00:00:00+00:00,-0.07592256967229767
2021-06-05 00:00:00+00:00,-0.07198927345022807
2021-06-06 00:00:00+00:00,-0.07096291092779511
2021-06-07 00:00:00+00:00,-0.07499503766976107
2021-06-08 00:00:00+00:00,-0.07531880310028664
2021-06-09 00:00:00+00:00,-0.07459231704662739
2021-06-10 00:00:00+00:00,-0.07380565607337977
2021-06-11 00:00:00+00:00,-0.07382722938233559
2021-06-12 00:00:00+00:00,-0.07188482201455887
2021-06-13 00:00:00+00:00,-0.07216691085589085
2021-06-14 00:00:00+00:00,-0.07220538906803281
2021-06-15 00:00:00+00:00,-0.07263134046999878
2021-06-16 00:00:00+00:00,-0.07322129079862255
2021-06-17 00:00:00+00:00,-0.07253721687171942
2021-06-18 00:00:00+00:00,-0.07335290141970882
2021-06-19 00:00:00+00:00,-0.0731661875060358
2021-06-20 00:00:00+00:00,-0.07310341407366318
2021-06-21 00:00:00+00:00,-0.07073881774172337
2021-06-22 00:00:00+00:00,-0.07240548184281184
2021-06-23 00:00:00+00:00,-0.0727855879808068
2021-06-24 00:00:00+00:00,-0.07244888116948224
2021-06-25 00:00:00+00:00,-0.07129353112221268
2021-06-26 00:00:00+00:00,-0.06512721627372733
2021-06-27 00:00:00+00:00,-0.06194242498839537
2021-06-28 00:00:00+00:00,-0.06194416257949575
2021-06-29 00:00:00+00:00,-0.06213186229732229
2021-06-30 00:00:00+00:00,-0.06201598523443964
2021-07-01 00:00:00+00:00,-0.06236789245760311
2021-07-02 00:00:00+00:00,-0.061590480337641196
2021-07-03 00:00:00+00:00,-0.0625414861257519
2021-07-04 00:00:00+00:00,-0.06248740379393366
2021-07-05 00:00:00+00:00,-0.05833868849797392
2021-07-06 00:00:00+00:00,-0.05647687432082711
2021-07-07 00:00:00+00:00,-0.05610926797103593
2021-07-08 00:00:00+00:00,-0.056819740174587845
2021-07-09 00:00:00+00:00,-0.0558485804674816
2021-07-10 00:00:00+00:00,-0.05663530897378586
2021-07-11 00:00:00+00:00,-0.05673483091724453
2021-07-12 00:00:00+00:00,-0.056963504875215676
2021-07-13 00:00:00+00:00,-0.05715269694934241
2021-07-14 00:00:00+00:00,-0.0573764793398031
2021-07-15 00:00:00+00:00,-0.05742425144348905
2021-07-16 00:00:00+00:00,-0.056365157974361375
2021-07-17 00:00:00+00:00,-0.05636779229199133
2021-07-18 00:00:00+00:00,-0.05573020476880444
2021-07-19 00:00:00+00:00,-0.05561420017899354
2021-07-20 00:00:00+00:00,-0.05536236228459773
2021-07-21 00:00:00+00:00,-0.05582774562062596
2021-07-22 00:00:00+00:00,-0.05551820977111322
2021-07-23 00:00:00+00:00,-0.05580339387941518
2021-07-24 00:00:00+00:00,-0.05707212181215149
2021-07-25 00:00:00+00:00,-0.058278318317716016
2021-07-26 00:00:00+00:00,-0.06072585388680601
2021-07-27 00:00:00+00:00,-0.059530291963042166
2021-07-28 00:00:00+00:00,-0.06080524212523337
2021-07-29 00:00:00+00:00,-0.05984966823542723
2021-07-30 00:00:00+00:00,-0.059813427835466115
2021-07-31 00:00:00+00:00,-0.056783124739764636
2021-08-01 00:00:00+00:00,-0.055432585212381896
2021-08-02 00:00:00+00:00,-0.05594878976736789
2021-08-03 00:00:00+00:00,-0.05623466211884834
2021-08-04 00:00:00+00:00,-0.055475902869521906
2021-08-05 00:00:00+00:00,-0.05480576723381375
2021-08-06 00:00:00+00:00,-0.0554852656038757
2021-08-07 00:00:00+00:00,-0.05615580941705001
2021-08-08 00:00:00+00:00,-0.05424980898918168
2021-08-09 00:00:00+00:00,-0.053736206021128774
2021-08-10 00:00:00+00:00,-0.055062008165943706
2021-08-11 00:00:00+00:00,-0.054927038040890115
2021-08-12 00:00:00+00:00,-0.055394316505371105
2021-08-13 00:00:00+00:00,-0.056378504407767385
2021-08-14 00:00:00+00:00,-0.05641176515695802
2021-08-15 00:00:00+00:00,-0.056474066917681066
2021-08-16 00:00:00+00:00,-0.05608540169659451
2021-08-17 00:00:00+00:00,-0.05623408031796609
2021-08-18 00:00:00+00:00,-0.05619479333153195
2021-08-19 00:00:00+00:00,-0.056458125685003344
2021-08-20 00:00:00+00:00,-0.05489484776715616
2021-08-21 00:00:00+00:00,-0.052058282180697434
2021-08-22 00:00:00+00:00,-0.0524679643754024
2021-08-23 00:00:00+00:00,-0.05272249826857467
2021-08-24 00:00:00+00:00,-0.05296934288499497
2021-08-25 00:00:00+00:00,-0.053147894977677176
2021-08-26 00:00:00+00:00,-0.053698021575577286
2021-08-27 00:00:00+00:00,-0.05420311495042374
2021-08-28 00:00:00+00:00,-0.05422739862990204
2021-08-29 00:00:00+00:00,-0.05475464578041306
2021-08-30 00:00:00+00:00,-0.05383132135860015
2021-08-31 00:00:00+00:00,-0.05360404636222687
2021-09-01 00:00:00+00:00,-0.05542112991259677
2021-09-02 00:00:00+00:00,-0.05532144993278672
2021-09-03 00:00:00+00:00,-0.05475436680810497
2021-09-04 00:00:00+00:00,-0.054404687780993416
2021-09-05 00:00:00+00:00,-0.05723642388016322
2021-09-06 00:00:00+00:00,-0.05779004161286859
2021-09-07 00:00:00+00:00,-0.057252863720688565
2021-09-08 00:00:00+00:00,-0.05670354313239951
2021-09-09 00:00:00+00:00,-0.056485975915235145
2021-09-10 00:00:00+00:00,-0.05722396452751284
2021-09-11 00:00:00+00:00,-0.05756778649658924
2021-09-12 00:00:00+00:00,-0.056238063517323196
2021-09-13 00:00:00+00:00,-0.056037944391426314
2021-09-14 00:00:00+00:00,-0.05623121762086561
2021-09-15 00:00:00+00:00,-0.05622909922167121
2021-09-16 00:00:00+00:00,-0.05649422837588475
2021-09-17 00:00:00+00:00,-0.05676287172272669
2021-09-18 00:00:00+00:00,-0.05636757955198293
2021-09-19 00:00:00+00:00,-0.05680375377638849
2021-09-20 00:00:00+00:00,-0.059093480946733834
2021-09-21 00:00:00+00:00,-0.05986208234741022
2021-09-22 00:00:00+00:00,-0.059816765239922
2021-09-23 00:00:00+00:00,-0.06002172140261844
2021-09-24 00:00:00+00:00,-0.0600058630252212
2021-09-25 00:00:00+00:00,-0.059791768348693056
2021-09-26 00:00:00+00:00,-0.06047362802857865
2021-09-27 00:00:00+00:00,-0.05964170300333843
2021-09-28 00:00:00+00:00,-0.059387559683653016
2021-09-29 00:00:00+00:00,-0.05822029215709608
2021-09-30 00:00:00+00:00,-0.057533489790070606
2021-10-01 00:00:00+00:00,-0.05760875291098643
2021-10-02 00:00:00+00:00,-0.05698176567482557
2021-10-03 00:00:00+00:00,-0.056972064915685135
2021-10-04 00:00:00+00:00,-0.05688276230093378
2021-10-05 00:00:00+00:00,-0.057553793414606993
2021-10-06 00:00:00+00:00,-0.057014395400643555
2021-10-07 00:00:00+00:00,-0.05677305741818152
2021-10-08 00:00:00+00:00,-0.05625309735432667
2021-10-09 00:00:00+00:00,-0.056646893737031016
2021-10-10 00:00:00+00:00,-0.056857629413826515
2021-10-11 00:00:00+00:00,-0.05673396132023019
2021-10-12 00:00:00+00:00,-0.05517906152111725
2021-10-13 00:00:00+00:00,-0.054823634912075446
2021-10-14 00:00:00+00:00,-0.05517420770275284
2021-10-15 00:00:00+00:00,-0.05587728343871159
2021-10-16 00:00:00+00:00,-0.055787706378282946
2021-10-17 00:00:00+00:00,-0.05633846793789241
2021-10-18 00:00:00+00:00,-0.05589494547644292
2021-10-19 00:00:00+00:00,-0.05556086673749344
2021-10-20 00:00:00+00:00,-0.05564623799040267
2021-10-21 00:00:00+00:00,-0.0551259088438268
2021-10-22 00:00:00+00:00,-0.055108435607786554
2021-10-23 00:00:00+00:00,-0.055419925834178575
2021-10-24 00:00:00+00:00,-0.05504815530822961
2021-10-25 00:00:00+00:00,-0.05503448985790555
2021-10-26 00:00:00+00:00,-0.0550666194247499
2021-10-27 00:00:00+00:00,-0.0542304433782603
2021-10-28 00:00:00+00:00,-0.05396759810729473
2021-10-29 00:00:00+00:00,-0.05400323526925863
2021-10-30 00:00:00+00:00,-0.055017980126597414
2021-10-31 00:00:00+00:00,-0.05532384028294514
2021-11-01 00:00:00+00:00,-0.055972733128209363
2021-11-02 00:00:00+00:00,-0.05338524876261656
2021-11-03 00:00:00+00:00,-0.053704141570870584
2021-11-04 00:00:00+00:00,-0.05346253587057799
2021-11-05 00:00:00+00:00,-0.05369919706667927
2021-11-06 00:00:00+00:00,-0.053220654507159466
2021-11-07 00:00:00+00:00,-0.05351855188812507
2021-11-08 00:00:00+00:00,-0.05364279934152157
2021-11-09 00:00:00+00:00,-0.053884044167474734
2021-11-10 00:00:00+00:00,-0.05338625378481432
2021-11-11 00:00:00+00:00,-0.05209223735290243
2021-11-12 00:00:00+00:00,-0.05146611407735875
2021-11-13 00:00:00+00:00,-0.051694394636147514
2021-11-14 00:00:00+00:00,-0.04665372435455246
2021-11-15 00:00:00+00:00,-0.046742352162154346
2021-11-16 00:00:00+00:00,-0.04381168876090867
2021-11-17 00:00:00+00:00,-0.04492101083003986
2021-11-18 00:00:00+00:00,-0.045512568846115264
2021-11-19 00:00:00+00:00,-0.04464980333146542
2021-11-20 00:00:00+00:00,-0.04402838714551617
2021-11-21 00:00:00+00:00,-0.04350210597776252
2021-11-22 00:00:00+00:00,-0.043021951565551046
2021-11-23 00:00:00+00:00,-0.04339979033431079
2021-11-24 00:00:00+00:00,-0.04274502651165326
2021-11-25 00:00:00+00:00,-0.04318018423249572
2021-11-26 00:00:00+00:00,-0.04390036439961294
2021-11-27 00:00:00+00:00,-0.042874749415511774
2021-11-28 00:00:00+00:00,-0.04335049256920942
2021-11-29 00:00:00+00:00,-0.04455259833855123
2021-11-30 00:00:00+00:00,-0.046462042185854056
2021-12-01 00:00:00+00:00,-0.046075529340317584
2021-12-02 00:00:00+00:00,-0.045989735832509586
2021-12-03 00:00:00+00:00,-0.045981858975920595
2021-12-04 00:00:00+00:00,-0.04554782698059513
2021-12-05 00:00:00+00:00,-0.044901815972900765
2021-12-06 00:00:00+00:00,-0.04530658249801091
2021-12-07 00:00:00+00:00,-0.04481805700377821
2021-12-08 00:00:00+00:00,-0.04484448883848642
2021-12-09 00:00:00+00:00,-0.04457441403127875
2021-12-10 00:00:00+00:00,-0.04837559227243899
2021-12-11 00:00:00+00:00,-0.04709855965957639
2021-12-12 00:00:00+00:00,-0.048043409060847635
2021-12-13 00:00:00+00:00,-0.047927651958114784
2021-12-14 00:00:00+00:00,-0.048067076792727745
2021-12-15 00:00:00+00:00,-0.04802333510176133
2021-12-16 00:00:00+00:00,-0.04794402463945208
2021-12-17 00:00:00+00:00,-0.047234566896743956
2021-12-18 00:00:00+00:00,-0.04464558751203407
2021-12-19 00:00:00+00:00,-0.043435224264353325
2021-12-20 00:00:00+00:00,-0.04550263637477327
2021-12-21 00:00:00+00:00,-0.044221164043814924
2021-12-22 00:00:00+00:00,-0.04592978688187214
2021-12-23 00:00:00+00:00,-0.0467861057297089
2021-12-24 00:00:00+00:00,-0.0463402672080793
2021-12-25 00:00:00+00:00,-0.04590449383395653
2021-12-26 00:00:00+00:00,-0.046105936520256276
2021-12-27 00:00:00+00:00,-0.04425513481382662
2021-12-28 00:00:00+00:00,-0.043494428936183396
2021-12-29 00:00:00+00:00,-0.04114954162082002
2021-12-30 00:00:00+00:00,-0.04251718698021686
2021-12-31 00:00:00+00:00,-0.0415459995538375
2022-01-01 00:00:00+00:00,-0.04049876273825296
2022-01-02 00:00:00+00:00,-0.03757538762932639
2022-01-03 00:00:00+00:00,-0.03749321990750332
2022-01-04 00:00:00+00:00,-0.03561032086885123
2022-01-05 00:00:00+00:00,-0.03782882457380091
2022-01-06 00:00:00+00:00,-0.03244217431257633
2022-01-07 00:00:00+00:00,-0.036169589208770225
2022-01-08 00:00:00+00:00,-0.036466582002937606
2022-01-09 00:00:00+00:00,-0.03628286779443772
2022-01-10 00:00:00+00:00,-0.03509294828763997
2022-01-11 00:00:00+00:00,-0.029427983833855316
2022-01-12 00:00:00+00:00,-0.012991797911333331
2022-01-13 00:00:00+00:00,-0.008992849011545826
2022-01-14 00:00:00+00:00,-0.013017009020001111
2022-01-15 00:00:00+00:00,-0.013906133815314449
2022-01-16 00:00:00+00:00,-0.012426817373176727
2022-01-17 00:00:00+00:00,-0.013711373189295148
2022-01-18 00:00:00+00:00,-0.013926411053275129
2022-01-19 00:00:00+00:00,-0.015742829404335152
2022-01-20 00:00:00+00:00,-0.014781132669930258
2022-01-21 00:00:00+00:00,-0.017125182280400473
2022-01-22 00:00:00+00:00,-0.024207732617819878
2022-01-23 00:00:00+00:00,-0.02314816797632172
2022-01-24 00:00:00+00:00,-0.023176244812724157
2022-01-25 00:00:00+00:00,-0.02041219768717215
2022-01-26 00:00:00+00:00,-0.018015185351979848
2022-01-27 00:00:00+00:00,-0.014973915016192912
2022-01-28 00:00:00+00:00,-0.01658874718806799
2022-01-29 00:00:00+00:00,-0.021285108986686948
2022-01-30 00:00:00+00:00,-0.02043336401676785
2022-01-31 00:00:00+00:00,-0.021026731738970253
2022-02-01 00:00:00+00:00,-0.024795516782148832
2022-02-02 00:00:00+00:00,-0.022421215017040325
2022-02-03 00:00:00+00:00,-0.024139515196698356
2022-02-04 00:00:00+00:00,-0.023939362195654394
2022-02-05 00:00:00+00:00,-0.025943045906718126
2022-02-06 00:00:00+00:00,-0.025542136138011727
2022-02-07 00:00:00+00:00,-0.024822885302990334
2022-02-08 00:00:00+00:00,-0.024546678910016148
2022-02-09 00:00:00+00:00,-0.02427349791085779
2022-02-10 00:00:00+00:00,-0.021311172921988808
2022-02-11 00:00:00+00:00,-0.022220444377251434
2022-02-12 00:00:00+00:00,-0.0201172086321536
2022-02-13 00:00:00+00:00,-0.020047985009141157
2022-02-14 00:00:00+00:00,-0.0175508005446985
2022-02-15 00:00:00+00:00,-0.016919144105024833
2022-02-16 00:00:00+00:00,-0.01385423887386384
2022-02-17 00:00:00+00:00,-0.012650222351620085
2022-02-18 00:00:00+00:00,-0.012418287093222924
2022-02-19 00:00:00+00:00,-0.013099427829940452
2022-02-20 00:00:00+00:00,-0.011875655439942921
2022-02-21 00:00:00+00:00,-0.011518917094041714
2022-02-22 00:00:00+00:00,-0.005638385275048756
2022-02-23 00:00:00+00:00,0.001232097291910587
2022-02-24 00:00:00+00:00,0.015096608869643528
2022-02-25 00:00:00+00:00,0.02891191366580167
2022-02-26 00:00:00+00:00,0.030052409898206695
2022-02-27 00:00:00+00:00,0.019305681954747522
2022-02-28 00:00:00+00:00,0.020258627728543862
2022-03-01 00:00:00+00:00,0.023906596057213958
2022-03-02 00:00:00+00:00,0.01860532888250493
2022-03-03 00:00:00+00:00,0.02136781455616905
2022-03-04 00:00:00+00:00,0.02058555858096507
2022-03-05 00:00:00+00:00,0.02225024171236796
2022-03-06 00:00:00+00:00,0.023644887063008452
2022-03-07 00:00:00+00:00,0.02460627672536125
2022-03-08 00:00:00+00:00,0.018318737790839864
2022-03-09 00:00:00+00:00,0.020136453217995728
2022-03-10 00:00:00+00:00,0.023306286752493178
2022-03-11 00:00:00+00:00,0.026127823970736062
2022-03-12 00:00:00+00:00,0.022110212905620746
2022-03-13 00:00:00+00:00,0.01891757377536963
2022-03-14 00:00:00+00:00,0.029342806924345374
2022-03-15 00:00:00+00:00,0.04356159755801116
2022-03-16 00:00:00+00:00,0.05291312787728608
2022-03-17 00:00:00+00:00,0.05740344639773389
2022-03-18 00:00:00+00:00,0.05730652439956079
2022-03-19 00:00:00+00:00,0.05574148865405193
2022-03-20 00:00:00+00:00,0.056418419656461195
2022-03-21 00:00:00+00:00,0.057033935451989294
2022-03-22 00:00:00+00:00,0.05503288872497526
2022-03-23 00:00:00+00:00,0.05921077963153229
2022-03-24 00:00:00+00:00,0.05482712446866307
2022-03-25 00:00:00+00:00,0.05830873761525082
2022-03-26 00:00:00+00:00,0.0552269486983917
2022-03-27 00:00:00+00:00,0.05616757163384693
2022-03-28 00:00:00+00:00,0.0563182685974884
2022-03-29 00:00:00+00:00,0.05636851463692913
2022-03-30 00:00:00+00:00,0.056694945016203126
2022-03-31 00:00:00+00:00,0.05616312045313222
2022-04-01 00:00:00+00:00,0.056976956427122326
2022-04-02 00:00:00+00:00,0.057184853427307926
2022-04-03 00:00:00+00:00,0.06006698436512371
2022-04-04 00:00:00+00:00,0.062339152704985856
2022-04-05 00:00:00+00:00,0.0627183785862657
2022-04-06 00:00:00+00:00,0.06747060165419817
2022-04-07 00:00:00+00:00,0.06696465108399949
2022-04-08 00:00:00+00:00,0.06606199822576327
2022-04-09 00:00:00+00:00,0.06640908918824787
2022-04-10 00:00:00+00:00,0.06670521915724274
2022-04-11 00:00:00+00:00,0.06593155509837877
2022-04-12 00:00:00+00:00,0.06551362125758585
2022-04-13 00:00:00+00:00,0.0633211473431589
2022-04-14 00:00:00+00:00,0.06334995516634173
2022-04-15 00:00:00+00:00,0.06383287065257923
2022-04-16 00:00:00+00:00,0.06435028383849548
2022-04-17 00:00:00+00:00,0.06416140612465612
2022-04-18 00:00:00+00:00,0.06381772709985171
2022-04-19 00:00:00+00:00,0.0642754678882082
2022-04-20 00:00:00+00:00,0.06500573812524021
2022-04-21 00:00:00+00:00,0.06588222748283054
2022-04-22 00:00:00+00:00,0.06750092707724728
2022-04-23 00:00:00+00:00,0.06542918949143187
2022-04-24 00:00:00+00:00,0.05898284100623673
2022-04-25 00:00:00+00:00,0.05839042379594371
2022-04-26 00:00:00+00:00,0.05604030566964805
2022-04-27 00:00:00+00:00,0.05683164219961751
2022-04-28 00:00:00+00:00,0.05566255586748077
2022-04-29 00:00:00+00:00,0.05562945620678225
2022-04-30 00:00:00+00:00,0.054635500299519475
2022-05-01 00:00:00+00:00,0.05496133153997445
2022-05-02 00:00:00+00:00,0.05405219859333255
2022-05-03 00:00:00+00:00,0.05367346440441752
2022-05-04 00:00:00+00:00,0.04286065501900445
2022-05-05 00:00:00+00:00,0.038101105410958534
2022-05-06 00:00:00+00:00,0.03711892344729934
2022-05-07 00:00:00+00:00,0.037235264437054036
2022-05-08 00:00:00+00:00,0.03795447506304028
2022-05-09 00:00:00+00:00,0.03689400723185592
2022-05-10 00:00:00+00:00,0.03748672249255973
2022-05-11 00:00:00+00:00,0.039233060154671665
2022-05-12 00:00:00+00:00,0.05427343358049605
2022-05-13 00:00:00+00:00,0.0534733569389943
2022-05-14 00:00:00+00:00,0.053933608126327776
2022-05-15 00:00:00+00:00,0.0495794476801969
2022-05-16 00:00:00+00:00,0.04136757317666346
2022-05-17 00:00:00+00:00,0.04542705727511344
2022-05-18 00:00:00+00:00,0.044380698907946894
2022-05-19 00:00:00+00:00,0.06361301386109852
2022-05-20 00:00:00+00:00,0.07084357239729043
2022-05-21 00:00:00+00:00,0.06979153955808913
2022-05-22 00:00:00+00:00,0.06420235997941738
2022-05-23 00:00:00+00:00,0.06450995777287194
2022-05-24 00:00:00+00:00,0.04703597256400938
2022-05-25 00:00:00+00:00,0.045725551458513904
2022-05-26 00:00:00+00:00,0.04562989730851155
2022-05-27 00:00:00+00:00,0.048056856012482295
2022-05-28 00:00:00+00:00,0.04627773775966348
2022-05-29 00:00:00+00:00,0.05001437067535657
2022-05-30 00:00:00+00:00,0.056653817970074904
2022-05-31 00:00:00+00:00,0.056700689425961195
2022-06-01 00:00:00+00:00,0.058219826718423635
2022-06-02 00:00:00+00:00,0.057142409067107436
2022-06-03 00:00:00+00:00,0.0578971942239783
2022-06-04 00:00:00+00:00,0.06027583061387785
2022-06-05 00:00:00+00:00,0.05360172935415117
2022-06-06 00:00:00+00:00,0.05220824284477026
2022-06-07 00:00:00+00:00,0.06011629731034187
2022-06-08 00:00:00+00:00,0.059131772553199215
2022-06-09 00:00:00+00:00,0.05929689524588899
2022-06-10 00:00:00+00:00,0.058161208862027344
2022-06-11 00:00:00+00:00,0.05736529140413082
2022-06-12 00:00:00+00:00,0.05047477516772175
2022-06-13 00:00:00+00:00,0.062137692333584654
2022-06-14 00:00:00+00:00,0.05727701286568391
2022-06-15 00:00:00+00:00,0.05906499241240501
2022-06-16 00:00:00+00:00,0.06045424951993811
2022-06-17 00:00:00+00:00,0.05908125685432787
2022-06-18 00:00:00+00:00,0.05239254815263847
2022-06-19 00:00:00+00:00,0.05569465198677062
2022-06-20 00:00:00+00:00,0.05147290678021145
2022-06-21 00:00:00+00:00,0.046513739043846654
2022-06-22 00:00:00+00:00,0.051030877728348446
2022-06-23 00:00:00+00:00,0.048642574595314514
2022-06-24 00:00:00+00:00,0.049557172116208505
2022-06-25 00:00:00+00:00,0.04786500731112548
2022-06-26 00:00:00+00:00,0.03706528558137032
2022-06-27 00:00:00+00:00,0.031112811721942874
2022-06-28 00:00:00+00:00,0.030412440393427723
2022-06-29 00:00:00+00:00,0.03186257667345521
2022-06-30 00:00:00+00:00,0.02163488571449448
2022-07-01 00:00:00+00:00,0.007364370572457702
2022-07-02 00:00:00+00:00,0.006094659035396933
2022-07-03 00:00:00+00:00,0.007209059125632818
2022-07-04 00:00:00+00:00,0.007168147703500059
2022-07-05 00:00:00+00:00,0.0003498592270514894
2022-07-06 00:00:00+00:00,-0.002828038003056821
2022-07-07 00:00:00+00:00,-0.003098259071783693
2022-07-08 00:00:00+00:00,-0.0001449324509823749
2022-07-09 00:00:00+00:00,-0.0013500260450565273
2022-07-10 00:00:00+00:00,0.0006332172614279337
2022-07-11 00:00:00+00:00,0.0013869166482739748
2022-07-12 00:00:00+00:00,0.0019839407863127627
2022-07-13 00:00:00+00:00,0.003004743080248357
2022-07-14 00:00:00+00:00,0.0028092996319804896
2022-07-15 00:00:00+00:00,0.0018698635266844615
2022-07-16 00:00:00+00:00,-8.772292457725448e-06
2022-07-17 00:00:00+00:00,-0.00037837421516180423
2022-07-18 00:00:00+00:00,0.002222761351274968
2022-07-19 00:00:00+00:00,0.0033948089469545083
2022-07-20 00:00:00+00:00,0.002642047855230676
2022-07-21 00:00:00+00:00,0.0033003985767453507
2022-07-22 00:00:00+00:00,0.002715321712188366
2022-07-23 00:00:00+00:00,0.0026879000057833547
2022-07-24 00:00:00+00:00,0.001896150210867409
2022-07-25 00:00:00+00:00,0.014782805394489477
2022-07-26 00:00:00+00:00,0.013771239883765628
2022-07-27 00:00:00+00:00,0.009326931761145256
2022-07-28 00:00:00+00:00,0.01192218939706419
2022-07-29 00:00:00+00:00,0.016252164681293122
2022-07-30 00:00:00+00:00,0.016379856721454974
2022-07-31 00:00:00+00:00,0.011308121585998922
2022-08-01 00:00:00+00:00,0.009711156396303038
2022-08-02 00:00:00+00:00,0.010552082217581754
2022-08-03 00:00:00+00:00,0.009667655909538001
2022-08-04 00:00:00+00:00,0.009185986359934067
2022-08-05 00:00:00+00:00,0.009018469703709234
2022-08-06 00:00:00+00:00,0.011848379135258673
2022-08-07 00:00:00+00:00,0.013315842947006542
2022-08-08 00:00:00+00:00,0.01102800817629847
2022-08-09 00:00:00+00:00,0.010650770729975095
2022-08-10 00:00:00+00:00,0.010136493446014907
2022-08-11 00:00:00+00:00,0.009870766791428905
2022-08-12 00:00:00+00:00,0.010375197969387533
2022-08-13 00:00:00+00:00,0.010115984269077078
2022-08-14 00:00:00+00:00,0.009806574740021397
2022-08-15 00:00:00+00:00,0.00948122676322269
2022-08-16 00:00:00+00:00,0.009034701485432372
2022-08-17 00:00:00+00:00,0.008207089391156759
2022-08-18 00:00:00+00:00,0.008628184979063907
2022-08-19 00:00:00+00:00,0.013421252258793917
2022-08-20 00:00:00+00:00,0.008683282793896957
2022-08-21 00:00:00+00:00,0.0034642755265523665
2022-08-22 00:00:00+00:00,0.002271820860578426
2022-08-23 00:00:00+00:00,0.0024910455331156292
2022-08-24 00:00:00+00:00,0.003933300033998354
2022-08-25 00:00:00+00:00,0.004298764246467133
2022-08-26 00:00:00+00:00,0.005663033986690897
2022-08-27 00:00:00+00:00,0.006703083923007444
2022-08-28 00:00:00+00:00,0.008863363456813385
2022-08-29 00:00:00+00:00,0.010456418471355781
2022-08-30 00:00:00+00:00,0.008624275597246182
2022-08-31 00:00:00+00:00,0.009375689844381842
2022-09-01 00:00:00+00:00,0.010342256808003372
2022-09-02 00:00:00+00:00,0.010222724011561464
2022-09-03 00:00:00+00:00,0.010010175708445767
2022-09-04 00:00:00+00:00,0.010128535965676167
2022-09-05 00:00:00+00:00,0.008868940046599959
2022-09-06 00:00:00+00:00,0.007285303509545476
2022-09-07 00:00:00+00:00,0.006116295700145671
2022-09-08 00:00:00+00:00,0.006085611867862416
2022-09-09 00:00:00+00:00,0.006579345822851905
2022-09-10 00:00:00+00:00,0.007065823647502445
2022-09-11 00:00:00+00:00,0.006534424521989602
2022-09-12 00:00:00+00:00,0.004176071072268871
2022-09-13 00:00:00+00:00,0.0032385754457281363
2022-09-14 00:00:00+00:00,0.004057496264961836
2022-09-15 00:00:00+00:00,0.004131807747652224
2022-09-16 00:00:00+00:00,0.004966935059703983
2022-09-17 00:00:00+00:00,0.00542291487866865
2022-09-18 00:00:00+00:00,0.006843876314646316
2022-09-19 00:00:00+00:00,0.007271387815606197
2022-09-20 00:00:00+00:00,0.012243006198654214
2022-09-21 00:00:00+00:00,0.029729797327316513
2022-09-22 00:00:00+00:00,0.02858286135116977
2022-09-23 00:00:00+00:00,0.030031135287292142
2022-09-24 00:00:00+00:00,0.029280174643083242
2022-09-25 00:00:00+00:00,0.029122795854823337
2022-09-26 00:00:00+00:00,0.032095420050911816
2022-09-27 00:00:00+00:00,0.02847913625807976
2022-09-28 00:00:00+00:00,0.026551408047109905
2022-09-29 00:00:00+00:00,0.025726943623456504
2022-09-30 00:00:00+00:00,0.024856776218950518
2022-10-01 00:00:00+00:00,0.02471160915405764
2022-10-02 00:00:00+00:00,0.022611300103841398
2022-10-03 00:00:00+00:00,0.022333986712412164
2022-10-04 00:00:00+00:00,0.021905927432641786
2022-10-05 00:00:00+00:00,0.02104429105178504
2022-10-06 00:00:00+00:00,0.02030722002949148
2022-10-07 00:00:00+00:00,0.019879636560951458
2022-10-08 00:00:00+00:00,0.019568232518408547
2022-10-09 00:00:00+00:00,0.019534784058391003
2022-10-10 00:00:00+00:00,0.02058558813438886
2022-10-11 00:00:00+00:00,0.01898730372029145
2022-10-12 00:00:00+00:00,0.015098018968409321
2022-10-13 00:00:00+00:00,0.014317286499009502
2022-10-14 00:00:00+00:00,0.014864543714698607
2022-10-15 00:00:00+00:00,0.016984108181432436
2022-10-16 00:00:00+00:00,0.016904231618840925
2022-10-17 00:00:00+00:00,0.019040264682711666
2022-10-18 00:00:00+00:00,0.01783534412257369
2022-10-19 00:00:00+00:00,0.017446003965249476
2022-10-20 00:00:00+00:00,0.017779658366707852
2022-10-21 00:00:00+00:00,0.017496590030588836
2022-10-22 00:00:00+00:00,0.01861004671985429
2022-10-23 00:00:00+00:00,0.018545882182221394
2022-10-24 00:00:00+00:00,0.018478910582115666
2022-10-25 00:00:00+00:00,0.01850369941498983
2022-10-26 00:00:00+00:00,0.018163767312404898
2022-10-27 00:00:00+00:00,0.017820497496932673
2022-10-28 00:00:00+00:00,0.017975583910891303
2022-10-29 00:00:00+00:00,0.01822931006558442
2022-10-30 00:00:00+00:00,0.019012409348470562
2022-10-31 00:00:00+00:00,0.019973577258624142
2022-11-01 00:00:00+00:00,0.02040121425975285
2022-11-02 00:00:00+00:00,0.014332879945596845
2022-11-03 00:00:00+00:00,0.014700885163818246
2022-11-04 00:00:00+00:00,0.014395004159381919
2022-11-05 00:00:00+00:00,0.014774200794860751
2022-11-06 00:00:00+00:00,0.014255368096465404
2022-11-07 00:00:00+00:00,0.015887477927189475
2022-11-08 00:00:00+00:00,0.0172085977358581
2022-11-09 00:00:00+00:00,0.016699176443081144
2022-11-10 00:00:00+00:00,0.019552131591943883
2022-11-11 00:00:00+00:00,0.009826007548861603
2022-11-12 00:00:00+00:00,0.007619096573952128
2022-11-13 00:00:00+00:00,0.0068087497555602726
2022-11-14 00:00:00+00:00,-0.006366861140251613
2022-11-15 00:00:00+00:00,-0.005880757902274322
2022-11-16 00:00:00+00:00,-0.013403040646101047
2022-11-17 00:00:00+00:00,-0.010079560677437538
2022-11-18 00:00:00+00:00,-0.006803699033906773
2022-11-19 00:00:00+00:00,-0.0074070992996865676
2022-11-20 00:00:00+00:00,-0.009207409080887602
2022-11-21 00:00:00+00:00,-0.011300539062580108
2022-11-22 00:00:00+00:00,-0.01228039800675463
2022-11-23 00:00:00+00:00,-0.01226849025803485
2022-11-24 00:00:00+00:00,-0.012404944127773765
2022-11-25 00:00:00+00:00,-0.010093458556391176
2022-11-26 00:00:00+00:00,-0.009859746906298431
2022-11-27 00:00:00+00:00,-0.012084270729837407
2022-11-28 00:00:00+00:00,-0.01222712694048669
2022-11-29 00:00:00+00:00,-0.008682789280510613
2022-11-30 00:00:00+00:00,-0.008492792073954883
2022-12-01 00:00:00+00:00,-0.008683409989644276
2022-12-02 00:00:00+00:00,-0.008999911906255067
2022-12-03 00:00:00+00:00,-0.008941154757876024
2022-12-04 00:00:00+00:00,-0.008991371450895529
2022-12-05 00:00:00+00:00,-0.009751211388408568
2022-12-06 00:00:00+00:00,-0.007189759005179426
2022-12-07 00:00:00+00:00,-0.008667698207790134
2022-12-08 00:00:00+00:00,-0.008300332057015254
2022-12-09 00:00:00+00:00,-0.0085159778429645
2022-12-10 00:00:00+00:00,0.0016520354817234919
2022-12-11 00:00:00+00:00,-0.0017309064722365519
2022-12-12 00:00:00+00:00,-0.0018320384482277653
2022-12-13 00:00:00+00:00,-0.00209782167494551
2022-12-14 00:00:00+00:00,-0.0028308503955691614
2022-12-15 00:00:00+00:00,-0.00299404390157666
2022-12-16 00:00:00+00:00,-0.001990117770744178
2022-12-17 00:00:00+00:00,5.8051652634735336e-06
2022-12-18 00:00:00+00:00,0.0010070193783370436
2022-12-19 00:00:00+00:00,-0.001368457266719495
2022-12-20 00:00:00+00:00,-0.0021456827209472683
2022-12-21 00:00:00+00:00,-3.418961958530711e-05
2022-12-22 00:00:00+00:00,0.00033105971854777914
2022-12-23 00:00:00+00:00,0.003429880192123644
2022-12-24 00:00:00+00:00,0.003874948149582851
2022-12-25 00:00:00+00:00,0.004080861714656924
2022-12-26 00:00:00+00:00,0.0034827194912768716
2022-12-27 00:00:00+00:00,0.004223968025342668
2022-12-28 00:00:00+00:00,0.001121837829636083
2022-12-29 00:00:00+00:00,0.0005126558548507761
2022-12-30 00:00:00+00:00,0.000519056108278548
2022-12-31 00:00:00+00:00,-0.0002602104564494294
2023-01-01 00:00:00+00:00,-0.002900824965233201
2023-01-02 00:00:00+00:00,-0.003424164788537593
2023-01-03 00:00:00+00:00,-0.0030960083474623435
2023-01-04 00:00:00+00:00,-0.0027193255860129646
2023-01-05 00:00:00+00:00,-0.0005287412766739012
2023-01-06 00:00:00+00:00,-0.00028284009233701664
2023-01-07 00:00:00+00:00,0.0006338404611647214
2023-01-08 00:00:00+00:00,0.0018470650819559064
2023-01-09 00:00:00+00:00,0.0026072936597844065
2023-01-10 00:00:00+00:00,0.002492080053641671
2023-01-11 00:00:00+00:00,0.0009269755664433753
2023-01-12 00:00:00+00:00,0.0007597258024422089
2023-01-13 00:00:00+00:00,0.00043500860088601376
2023-01-14 00:00:00+00:00,-0.01238674121582047
2023-01-15 00:00:00+00:00,-0.012480257289959986
2023-01-16 00:00:00+00:00,-0.012139649119703224
2023-01-17 00:00:00+00:00,-0.012491391073644711
2023-01-18 00:00:00+00:00,-0.012346520735720817
2023-01-19 00:00:00+00:00,-0.011420984389602797
2023-01-20 00:00:00+00:00,-0.010205597162450598
2023-01-21 00:00:00+00:00,-0.00464345796358396
2023-01-22 00:00:00+00:00,-0.003930151361086594
2023-01-23 00:00:00+00:00,-0.0018829659713346207
2023-01-24 00:00:00+00:00,0.0033853102801899085
2023-01-25 00:00:00+00:00,0.005401322685831295
2023-01-26 00:00:00+00:00,0.005414839697216152
2023-01-27 00:00:00+00:00,-0.00022631552792486755
2023-01-28 00:00:00+00:00,0.00012076294631494959
2023-01-29 00:00:00+00:00,-0.003133795070882677
2023-01-30 00:00:00+00:00,-0.005005309658212529
2023-01-31 00:00:00+00:00,-0.0041694822943430685
2023-02-01 00:00:00+00:00,-0.0038746637733346394
2023-02-02 00:00:00+00:00,-0.003586961531092687
2023-02-03 00:00:00+00:00,-0.006256873127394243
2023-02-04 00:00:00+00:00,0.0031219834494919368
2023-02-05 00:00:00+00:00,0.003409628927748442
2023-02-06 00:00:00+00:00,0.004484934040312483
2023-02-07 00:00:00+00:00,0.005101278834906423
2023-02-08 00:00:00+00:00,0.0043446340810057715
2023-02-09 00:00:00+00:00,0.004247545683338762
2023-02-10 00:00:00+00:00,0.002400545272838528
2023-02-11 00:00:00+00:00,0.005424638769953885
2023-02-12 00:00:00+00:00,0.005676820144590866
2023-02-13 00:00:00+00:00,0.0057435620475231475
2023-02-14 00:00:00+00:00,0.005434713716861415
2023-02-15 00:00:00+00:00,0.0050207285807072665
2023-02-16 00:00:00+00:00,-0.03360551944618384
2023-02-17 00:00:00+00:00,-0.03438345577774026
2023-02-18 00:00:00+00:00,-0.03388858850337769
2023-02-19 00:00:00+00:00,-0.03665390243992624
2023-02-20 00:00:00+00:00,-0.03902502152801519
2023-02-21 00:00:00+00:00,-0.0411075071427149
2023-02-22 00:00:00+00:00,-0.041962240592578214
2023-02-23 00:00:00+00:00,-0.04216388316748432
2023-02-24 00:00:00+00:00,-0.04165963731797074
2023-02-25 00:00:00+00:00,-0.03695014684529273
2023-02-26 00:00:00+00:00,-0.03838331557311075
2023-02-27 00:00:00+00:00,-0.03651331605040176
2023-02-28 00:00:00+00:00,-0.036020595306582553
2023-03-01 00:00:00+00:00,-0.039822016776927004
2023-03-02 00:00:00+00:00,-0.040841513830033364
2023-03-03 00:00:00+00:00,-0.04098410945984694
2023-03-04 00:00:00+00:00,-0.038245487779261816
2023-03-05 00:00:00+00:00,-0.03803803114624788
2023-03-06 00:00:00+00:00,-0.03899848885746169
2023-03-07 00:00:00+00:00,-0.04096744092195588
2023-03-08 00:00:00+00:00,-0.04108897346465527
2023-03-09 00:00:00+00:00,-0.04091024058366928
2023-03-10 00:00:00+00:00,-0.0412915612989505
2023-03-11 00:00:00+00:00,-0.04231738114026161
2023-03-12 00:00:00+00:00,-0.03857347688950479
2023-03-13 00:00:00+00:00,-0.03623293213291362
2023-03-14 00:00:00+00:00,-0.036401628307690656
2023-03-15 00:00:00+00:00,-0.03240722842611784
2023-03-16 00:00:00+00:00,-0.031911981072728524
2023-03-17 00:00:00+00:00,-0.03271116331185384
2023-03-18 00:00:00+00:00,-0.03414322390601629
2023-03-19 00:00:00+00:00,-0.036806966165957154
