minute_of_hour,mean_log_trades,mean_abs_r_bp
0,6.273767817792891,8.79304637417292
1,6.179837682889133,7.758854825086478
2,6.151353198178445,7.362639677191729
3,6.1320275162638564,7.1482941653324
4,6.098718475357099,6.76472831595563
5,6.116430181441215,7.14004776919781
6,6.08888736672662,6.800227777525893
7,6.0769338909354484,6.592087471729234
8,6.060370120114725,6.40911395553981
9,6.055770777436196,6.476193632344033
10,6.075139372602442,6.850385149788118
11,6.060979518823925,6.567257740402202
12,6.044711403934542,6.425776867801396
13,6.035494919140927,6.21394249287388
14,6.028290916234108,6.117483051976005
15,6.114598477896096,7.641776469536484
16,6.072518417188055,6.8985153036320295
17,6.062357058698678,6.622380255901567
18,6.041323161875185,6.401221508218934
19,6.037560022350146,6.3328498794078945
20,6.057436100585837,6.743393010038613
21,6.039271515730448,6.470964962345811
22,6.01857844124695,6.255579065675214
23,6.023369836009523,6.2017801115958
24,6.008062711347829,6.18233765487328
25,6.032043050514386,6.608950721516009
26,6.012325797944389,6.25607617200503
27,6.010036229381876,6.234845142158405
28,5.993333543967705,6.0427883819231845
29,6.003433412397484,5.9866994158705555
30,6.113574539006804,7.763697684423374
31,6.078297509483991,7.05125906339233
32,6.053818146681149,6.626056366623238
33,6.040782542319829,6.534052780483214
34,6.030195947579323,6.343509064712101
35,6.058065885825208,6.774864274767945
36,6.028764993853795,6.448172885005964
37,6.01885934422442,6.287244694958462
38,6.009848894382263,6.214609826366014
39,6.014561449517288,6.188455646044623
40,6.025152171160691,6.5801485663757795
41,6.017521164151313,6.30189967113287
42,5.998753954700776,6.1162722632095745
43,5.996293851918989,6.13572531543031
44,5.994287501796364,6.076085481257364
45,6.074743572743867,7.379854485907913
46,6.037598351497122,6.713669618883538
47,6.028602195458679,6.473927480086411
48,6.008894004225715,6.321390066930207
49,6.001568235117029,6.1358011015012055
50,6.028265260266269,6.619956090940751
51,6.014210403107175,6.414663807247569
52,5.995105318370478,6.125639602611774
53,5.996407046182824,6.0895058839860345
54,5.987042209920036,6.023388656746715
55,6.0117254379431015,6.458480321015882
56,5.9974874071926525,6.15549273361894
57,5.988948502414427,6.085040425982954
58,5.984309136047516,5.994145297304976
59,5.997722134789174,6.042784273112902
