,era,q,vr,z,p
0,pooled,2,0.9296640500175124,-20.80621228998873,3.802254640270107e-96
1,2017,2,0.7881890569403359,-34.348390339527384,1.4885495960326658e-258
2,2018,2,0.9723712015174438,-5.462486557771559,4.6951109616577265e-08
3,2019,2,0.993638597330365,-0.8725997969783333,0.38288125125717176
4,2020,2,0.9878000983158962,-0.7104888794130131,0.47740102462067113
5,2021,2,1.0241705841206863,3.465941135345941,0.0005283789482096632
6,2022,2,1.0105622438457436,1.5881492684555738,0.11225258965944238
7,2023Q1,2,1.0135743704256175,1.3056221052898143,0.1916810992262321
8,pooled,5,0.8609538988319412,-20.10211406442525,7.071605645250673e-90
9,2017,5,0.6786990488329268,-26.05074646451955,1.3194002247924155e-149
10,2018,5,0.9243121056780186,-6.853684563679222,7.197168996788868e-12
11,2019,5,0.9734912720547498,-1.8104975643569903,0.07021866172299214
12,2020,5,0.959832282115816,-1.133904702134563,0.2568345245200456
13,2021,5,0.9880476126558606,-0.8497852488274452,0.39544449230273493
14,2022,5,0.9967692346356619,-0.25629773912436193,0.7977209428848314
15,2023Q1,5,1.0038681869125534,0.18684289498984907,0.8517838137543903
16,pooled,15,0.7968882384388312,-16.946556284977895,2.040618058890213e-64
17,2017,15,0.66572698530655,-15.67727408147275,2.1634131682118844e-55
18,2018,15,0.8864889094599848,-5.496582003438433,3.872230719538254e-08
19,2019,15,0.9344607079548792,-2.61128400408954,0.009020294901993964
20,2020,15,0.8954768001456883,-1.708163549369598,0.08760599990051579
21,2021,15,0.9303947237279714,-2.953807863496139,0.0031387935917336855
22,2022,15,0.9589624334706622,-2.1319093441938506,0.033014299905533374
23,2023Q1,15,1.0056022170375714,0.1610820552723509,0.8720287734900136
24,pooled,60,0.7479718140685017,-12.13715146071855,6.712228690709926e-34
25,2017,60,0.7754569490529183,-5.776354509011636,7.633645013340359e-09
26,2018,60,0.8603890875285486,-3.561220909644938,0.00036913434119442576
27,2019,60,0.9330062486698947,-1.64498125347018,0.09997367707764195
28,2020,60,0.8319405949589292,-1.6801971062992052,0.09291897218038028
29,2021,60,0.847263324446681,-3.722569948547581,0.0001972052511405424
30,2022,60,0.9511926213404613,-1.6033951210754982,0.10884744752193404
31,2023Q1,60,1.0213758272160314,0.35903015444781705,0.7195725311522629
32,pooled,240,0.6761608653021997,-9.75275285344207,1.7953258193001946e-22
33,2017,240,0.7860828140300307,-3.1960446365486828,0.00139325555825635
34,2018,240,0.7378250116830264,-3.809932269595941,0.0001390048675301827
35,2019,240,0.8908975124160643,-1.7856522942836097,0.07415557407653554
36,2020,240,0.7593288810707374,-1.6485186816605566,0.09924628033516529
37,2021,240,0.8133689745604359,-2.9662911731605575,0.0030141497663032112
38,2022,240,0.9276259170824517,-1.438935723257784,0.1501687349621403
39,2023Q1,240,1.1260153570809064,1.2890593996316395,0.1973774369387652
