,series,era,phi,t_hac,p,n,half_life_bars
0,1-min,pooled,-0.05349747825727212,-17.73626771814562,2.2007611789678207e-70,2886432,
1,1-min,2017,-0.19462564337841573,-25.66848215876457,2.6294720072662884e-145,152898,
2,1-min,2018,-0.027629079035289775,-5.798998535503958,6.671211502069577e-09,521604,
3,1-min,2019,-0.006331909244912495,-1.0753844816525644,0.28220262663714835,523744,
4,1-min,2020,-0.012201345928494665,-1.1822659751739277,0.23710018171149072,525749,
5,1-min,2021,0.02420088884743341,4.619637892460985,3.8441033497129e-06,524513,0.18626149536782877
6,1-min,2022,0.010562994741758511,1.5189178880562522,0.12878316578271684,525599,0.15232670028573808
7,1-min,2023Q1,0.013581353134611061,1.708208273763993,0.08759770386143308,112319,0.16123235786461013
8,60-min,pooled,-0.037219322405061095,-4.064367131633573,4.816296553005443e-05,46441,
9,60-min,2017,-0.10921085807427346,-3.058381608493756,0.002225359920090765,936,
10,60-min,2018,-0.05392172203504553,-3.693038273650952,0.00022159065732206424,8676,
11,60-min,2019,0.005221584905121267,0.2835670081006546,0.7767422233624882,8716,0.13190356010555854
12,60-min,2020,-0.0760110957451615,-2.429340821083269,0.015126305473897962,8746,
13,60-min,2021,0.003501545861867858,0.22906800270111535,0.8188160624219396,8731,0.12258218437992553
14,60-min,2022,0.002515985460271642,0.13831139756088986,0.8899943181346303,8759,0.11581230980371841
15,60-min,2023Q1,0.016441313826608548,0.41409033754918745,0.678807948877642,1871,0.16873278270977274
