,2017,2018,2019,2020,2021,2022,2023Q1
1,-0.17861970657110854,-0.037662549397623035,0.0049333397288230255,-0.01603359365226689,0.02725481936707413,0.022341871225074403,0.01358129067333591
2,-0.03868114008792442,-0.03371734730870031,-0.01566906413423906,-0.02362491543672431,-0.03348176169533798,-0.011445501425991125,-0.007651842009108746
3,-0.019905963593834192,-0.004422364849966503,-0.006135640439822264,0.0140024200608913,-0.014442113930776577,-4.394672078211349e-05,-0.006548690349353911
4,-0.008520652802687646,0.005157296796184566,-0.001427164086650734,-0.011456585467849261,-0.00017638573406941936,-0.0028645352869075286,-0.008644227746498156
5,-0.0085497686277871,0.006187819317519555,-0.00029046296518488645,-0.012367116258165943,-0.007589757480763075,0.006212784515027483,0.007167343175820847
6,-0.0093196159121038,-0.002816528819701641,-0.0035065604801212415,-0.014608309821530836,-0.005391785274008155,-0.014987208560092377,-0.0010709715184679589
7,-0.012797066579605741,-0.014957446538571898,-0.017612531947732202,-0.022843907879332253,-0.010383904800762936,-0.012977141695345229,0.0032179823105106704
8,-0.006954207527280233,-0.009864172669040045,0.004000917865488338,0.022207055494251903,-0.012156970463902192,-0.0037021502081665573,0.0028458608398040453
9,-0.004918548812815174,-0.0024386912113795443,0.012027101141470355,-0.01061803690905618,-0.015210426871299133,-0.009887358932584007,-0.002247453109557431
10,-0.00294891681266225,-0.006522532960817518,-0.007990903322914163,-0.011977362429485721,0.008947466306791108,0.0009660575312847162,0.012027813318647315
