,q,empirical_bp,normal_bp
0,0.0001,-993.7932029761549,-326.29233724794335
1,0.001,-595.384018727595,-271.0857043808376
2,0.005,-349.99097259748385,-225.92162639229477
3,0.01,-266.51361579755036,-204.0174021136068
4,0.025,-177.33416676231428,-171.84925675886817
5,0.05,-118.6970765733477,-144.18287710580918
6,0.1,-71.90918683303593,-112.28531322837952
7,0.25,-28.155531251385923,-58.98588256277231
8,0.5,0.8713521212122544,0.23365450298708978
9,0.75,29.654771052900486,59.45319156874649
10,0.9,73.5501493752651,112.75262223435371
11,0.95,117.41479932787513,144.65018611178328
12,0.975,170.32121640471217,172.3165657648423
13,0.99,255.3181636791842,204.484711119581
14,0.995,335.02944134770723,226.38893539826893
15,0.999,549.6795181563617,271.5530133868118
16,0.9999,1015.8753459456518,326.7596462539201
