lag,2017,2018,2019,2020,2021,2022,2023Q1
1,0.3035680318366536,0.458408131269339,0.43653321195889133,0.47571576453833225,0.38173666930971284,0.3814183507768338,0.41151029757757834
5,0.17863996478244806,0.3935494445982252,0.3373407867332932,0.3958473647325237,0.3005546839946727,0.29692008437453943,0.31617689991902975
15,0.1491537922258444,0.35722108223055293,0.2709699463681484,0.33518307238852674,0.2763976690048407,0.25510153177773764,0.2514382757466748
60,0.10484512773303281,0.3056703268262377,0.20458441809307545,0.2687421439130957,0.2162371937218789,0.21487664769435144,0.1994444612573344
240,0.07465020291762005,0.2610752497680281,0.1634344398407493,0.20353777943016266,0.170805946656011,0.16402698976676103,0.11877044391807931
360,0.062426401969188444,0.258426453311148,0.15201569131183806,0.18921564075054967,0.16026357517046977,0.14880874715772804,0.10114129449807671
720,0.060791047261803184,0.24851842618190542,0.1378619920012073,0.19282855122644338,0.14549103731845006,0.131499540178808,0.06579281457879955
1080,0.057311623857428155,0.2362615667937459,0.13538624333398017,0.15735009519236312,0.13025107801243044,0.1331935065745029,0.09941461698354419
1440,0.04397409671792986,0.22100734857728074,0.14441188517668002,0.154635060263183,0.12669714866659065,0.14536298981992798,0.12784136533573282
