,"corr(imb_t, r_t+k)"
-10,0.0016108297434337608
-9,0.002174494510000999
-8,0.0004999814124345474
-7,9.23789448840837e-05
-6,0.00200415473871572
-5,0.00412414014955674
-4,0.006069255890285024
-3,0.007616252134164722
-2,0.008448225657297552
-1,0.02576142693532541
0,0.29672885742004984
1,-0.017400682561345533
2,-0.0020137330441062883
3,0.00020389478320339082
4,-0.0012705033014152312
5,-0.0012935886724350094
6,-0.0009719208944899179
7,-0.002656782838843459
8,-0.0019187006646272783
9,-0.0011288805626235902
10,0.0003692059746180577
