hour_utc,mean_bp,mean_abs_bp,n
0,1.7725301112335716,62.957371774554474,2039
1,-2.325984747099229,53.72255316191677,2037
2,-3.8904372567008942,48.87361787663559,2024
3,-3.913879825301661,44.9773426351536,2024
4,-0.9614972200892644,45.15106174123188,2029
5,0.4440769988803427,44.125675720218275,2031
6,2.485390143481878,45.14993222849364,2030
7,1.6451474132108963,48.0719064980422,2030
8,-1.490570111660682,51.95244892107694,2032
9,-3.532896881195664,50.32524304348961,2036
10,-0.9911010664715207,51.726566805668604,2036
11,3.026892602504652,49.71714430801846,2038
12,2.53365623402598,56.850606810485516,2038
13,4.2598998251559665,59.312227202910265,2037
14,-2.3257359247778537,62.16773915481585,2038
15,3.1630741517996315,59.40068293060379,2038
16,-0.0587082107489648,59.785757456564944,2037
17,-2.123235231586331,50.59387490225009,2038
18,0.24715942986849782,48.59073755358555,2039
19,3.0619750130917716,49.552992138367564,2039
20,0.18242197483107186,55.707182166051666,2038
21,4.127033564257771,52.39557077708879,2037
22,4.4501949020631,52.726992447554046,2039
23,-2.049154975359085,54.63451275736206,2039
