t,2017,2018,2019,2020,2021,2022,2023Q1
0,3.202742695373494,-3.9510445592128876,8.015592950550406,0.6439853153537047,3.4353925626556223,-3.3696601514387754,18.35145804260827
1,-11.809294673349784,-7.538152771327936,-0.09284883053646457,0.1168063496941185,4.733720745308767,-5.20752829599271,-3.0650909729159683
2,-5.906087548188795,-5.575688188230485,-1.1272659398320493,1.1979864250133114,-11.907334440859746,-1.64580641227092,-2.2990131634781363
3,3.1978642948093365,-12.283205220391588,-3.2197418146124868,1.2718748426166182,-7.055623448513966,-2.583999554598259,3.3588406342258486
4,10.826996284001932,0.17982881889629057,-2.056947345646611,-8.37466598988016,-0.4020975512138121,0.7159789679348478,2.4007976509176334
5,-16.422234658458624,4.095770096331898,-1.6580643697135482,0.9690908455530013,2.431153065520946,3.4926143206026876,-3.006300502369924
6,4.523657081528336,8.322369590296121,-2.3604505660567283,4.736796458606553,4.117796441780574,-2.9283198420220447,1.7100195286356978
7,21.05723917120545,-6.336452857895591,0.47641949654773524,1.5411139353969252,2.0891465853764917,4.370390337869674,-4.6214126098995045
8,2.9622143534222807,-5.402152201234115,-4.534685016559869,1.1316473258433548,1.3338770202870571,-0.3982353778088651,-7.630671913427469
9,-22.97557130491415,-7.562047144448394,1.4427916853920781,-0.16635172723761948,-2.7352547660266726,-2.4230427745858156,1.436746636466515
10,-5.924222877079891,-5.692769308820669,-2.7970549150760755,-1.9222494806604566,3.5136312741219737,2.420498315854213,5.231789079951308
11,8.61200339886718,12.641099719975179,1.4838444549207137,0.7020486433030855,-0.5668528291004228,-1.305321456378051,3.6733062701059067
12,20.826538046472358,0.30735888374799536,0.9653660950603471,3.903840279344606,1.986799078561494,-3.355855893145517,11.819074816081855
13,11.77655643632833,0.13167360718947704,2.4621295307121542,8.992232410714164,11.106656756595903,-3.5189471662534517,0.9955210255983233
14,14.062940115959556,-7.496660863541276,-2.1715436665216092,0.3403908276686332,-14.585828890027763,3.574809652851183,9.615963363125083
15,-0.35785580166443537,-0.7506479562260213,8.808094705361144,5.593032564671863,2.4082716406304785,0.5169289057708604,5.770392331129278
16,-8.057557842912262,3.846599462594459,1.5606279441392799,-0.4127636425028962,1.350285290861077,-1.673009573565699,-9.301433764058368
17,3.4984744051012955,-9.269832264615715,1.308156200749247,2.0860075476733773,-0.43771192396899994,-10.163723200465336,15.409321480739425
18,-3.211417032589987,2.8765562692787547,1.673199262287537,-1.543956195638055,1.5428948825415385,-3.7349901381921473,8.309350219201123
19,13.49176446174866,4.640666407677812,2.331757233248532,6.152159259540222,0.8872997616344889,-1.9391060059150729,0.00528349405844353
20,-3.2591260356731238,-6.648898895975739,-1.8070772570270845,6.954618371098976,-3.8482897799721645,7.42247140021062,0.5329971956716606
21,1.7980586071266573,-1.6364904318596412,6.371155001674777,9.79324248108101,12.85397796721153,-4.659414451967658,-1.7273189246332268
22,29.768572674747706,2.2927735077242968,4.859412965458936,5.3527144098454995,-0.7514913368610823,0.8555964229979984,5.3855692550434755
23,-2.4172135206438283,3.1400922525899735,-1.8741623784099612,-11.092318506446988,0.862858862230468,-2.610804723392298,4.992032627063289
