month,ar1,log_trades_med,cs_proxy_bp,zero_ret_share,vol_bp
2017-08,-0.3957697725964139,1.0986122886681098,0.0,0.2497191011235955,38.725349706979536
2017-09,-0.3234039586542202,1.3862943611198906,2.1901460437663083,0.16694444444444445,37.279177858503665
2017-10,-0.3102405841793993,1.791759469228055,5.328753053052,0.14428763440860215,21.693342349665205
2017-11,-0.1593296473780011,2.302585092994046,13.997500796487866,0.0719675925925926,23.58830332490485
2017-12,0.0059901311473129,3.8918202981106265,29.816615370747652,0.030555555555555555,30.495608703440812
2018-01,-0.0365297198525819,4.700480365792417,28.609019623181176,0.018660394265232975,28.661452444509624
2018-02,-0.0583998128433391,5.3706380281276624,24.184276458181618,0.011086309523809524,23.299991300026875
2018-03,-0.032996288071289,4.844187086458591,18.049883378152217,0.020967741935483872,16.575098953195752
2018-04,-0.0224143074541746,4.709530201312334,12.442839114988958,0.025810185185185186,11.704704768827563
2018-05,-0.0264748726671763,4.653960350157523,10.655302020383163,0.026814516129032257,9.574802940181064
2018-06,-0.0038776503651752,4.59511985013459,9.143703561523655,0.027916666666666666,8.783948682213591
2018-07,-0.0091994765242785,4.584967478670572,7.8058471192108705,0.021124551971326164,7.870363956454137
2018-08,0.0122843493282763,4.74493212836325,9.222095279333555,0.015053763440860216,9.1780251848939
2018-09,-0.0148437211884751,4.605170185988092,7.3608566268573545,0.018564814814814815,7.192143769269992
2018-10,0.0518162185921892,4.143134726391533,4.769987802076044,0.03640232974910394,5.593464762570264
2018-11,0.0136926433449626,4.634728988229636,8.52802892314994,0.01525462962962963,13.10329941305797
2018-12,0.0129575300855961,4.804021044733257,12.554558991078345,0.006384408602150538,12.270801153426568
2019-01,-0.0300308153152943,4.68213122712422,6.042424203702933,0.01310483870967742,6.633665200443013
2019-02,0.0757460402801168,4.68213122712422,5.757981030974302,0.014409722222222223,6.189691234625048
2019-03,-0.0522390380962328,4.61512051684126,5.077851999215621,0.017137096774193547,4.326325183516962
2019-04,0.0241613418027213,4.812184355372417,7.175285064613137,0.009467592592592593,8.779760721531712
2019-05,-0.0216474025537453,5.356586274672012,12.233533339903198,0.0034274193548387098,12.157428480337689
2019-06,0.0142500066370227,5.429345628954441,12.066897510748056,0.002685185185185185,14.232103068888922
2019-07,0.0039362028805602,5.4680601411351315,14.206073999905364,0.0027553763440860213,14.231475215412688
2019-08,-0.0366060957619433,5.135798437050262,9.775901963848497,0.0031137992831541217,9.129899745853612
2019-09,-0.0063713338870069,5.043425116919247,7.057904718925393,0.005462962962962963,8.830982133539688
2019-10,0.0052498365948125,5.4116460518550396,8.080691104090672,0.0036290322580645163,9.5703597676018
2019-11,-0.0632085594502165,5.332718793265369,7.5259289427607685,0.0032175925925925926,8.522655463257369
2019-12,-0.0376406432761098,5.14166355650266,6.580858113281533,0.0034050179211469536,7.417056471632562
2020-01,-0.013959626072365,5.455321115357702,7.841337284699909,0.004256272401433692,7.972866639655527
2020-02,-0.0117517370742754,5.786897381366708,7.897542521254628,0.0030411877394636013,7.914904250739567
2020-03,-0.0124614003310833,6.013715156042802,15.176530855484662,0.0012992831541218637,25.381481837305312
2020-04,-0.0273684126133205,5.855071922202427,9.535978737024775,0.0035185185185185185,10.114861399448563
2020-05,-0.0299834995803845,6.021023349349527,9.712209884120917,0.0023297491039426525,11.040636523927086
2020-06,-0.0060317513087307,5.594711379601839,5.519806057488891,0.005810185185185186,6.396504935372802
2020-07,-0.0342851104379085,5.75890177387728,3.706670097150522,0.007818100358422939,5.53514397616837
2020-08,0.0314983682221552,6.22455842927536,6.07175813508563,0.0020833333333333333,7.489869667438158
2020-09,-0.0098408744623214,6.0330862217988015,6.110734604740802,0.003958333333333334,7.550949027851971
2020-10,-0.0043321573815513,5.736572297479192,4.659825780645025,0.006182795698924731,5.8787812026808846
2020-11,-0.00290909578834,6.504288173536645,10.35412169966269,0.0016898148148148148,10.315403015832384
2020-12,-0.007865844074669,6.529418838262226,10.563138898650472,0.001075268817204301,11.039292781997325
2021-01,0.045549747144596,7.062191632286556,21.26516112791574,0.0005152329749103943,20.243659975770168
2021-02,-0.0040812629256356,7.071573364211532,16.5143402021426,0.000496031746031746,16.10530874213014
2021-03,-0.0239312018271669,6.925595197110468,13.596398943791675,0.0006496415770609319,11.486589168548985
2021-04,0.0207521749478201,6.966967138613983,10.681768884347404,0.001736111111111111,10.859727618081669
2021-05,0.0435539544800239,7.154615356913663,18.61203599150726,0.0005376344086021505,20.52145254234444
2021-06,0.0233541723643415,6.71174039505618,14.761549311993912,0.000625,13.770433271952623
2021-07,0.02813023218246,6.270988431858299,9.339774924510968,0.0015008960573476703,9.576565046429284
2021-08,-0.0010007926494133,6.501289670540389,9.944075965503318,0.0012992831541218637,9.002314031225604
2021-09,0.0435658239035583,6.349138991379798,9.382847941589183,0.0012037037037037038,10.538121179020557
2021-10,0.0141030085170259,6.470799503782602,9.042373943438989,0.0021057347670250894,9.239620859354938
2021-11,-0.0266282318792643,6.517671272912275,9.080426561977609,0.0014583333333333334,8.915487538096864
2021-12,0.0321521042306179,6.2878585601617845,9.874709192152904,0.0012992831541218637,10.593059754647117
2022-01,0.0185112101196187,6.169610732491456,9.378247560864734,0.001635304659498208,9.86733976619986
2022-02,0.0394820165906638,6.095824562432225,8.923232756439399,0.001810515873015873,9.503335427997508
2022-03,0.0529717710949314,6.137727054086234,7.131665210806139,0.004413082437275986,8.44211434961695
2022-04,-0.0233159915922566,6.095824562432225,5.70785450369034,0.01611111111111111,7.225599860689215
2022-05,0.0050106111065568,6.306275286948016,8.672952361488031,0.007773297491039426,11.67128657118519
2022-06,0.0276378524510209,6.263398262591624,10.794006731949489,0.00525462962962963,12.975967391305781
2022-07,0.0288624954831622,7.630461261783627,10.826912291388098,0.0013664874551971326,9.752523346326411
2022-08,-0.0269734890730887,8.003028666384733,8.658145196032685,0.0001568100358422939,7.375060933962742
2022-09,-0.054852292026012,8.027802848370312,9.010160342319816,0.00032407407407407406,8.850309000365126
2022-10,-0.0050507505474313,7.770434241407643,5.843141158785966,0.0006048387096774194,5.489825438577578
2022-11,0.0087613098345203,8.035602692918582,7.186249787340097,0.0005324074074074074,10.099721531961212
2022-12,-0.0260098594472521,7.635303886259415,3.4848204907202236,0.0015905017921146953,3.8176996924492537
2023-01,0.0058183470523681,8.00903068506973,5.488852175661706,0.0009184587813620071,6.202525517464256
2023-02,0.0091963344906217,8.256347772918016,6.319736716576055,0.00047123015873015874,6.055902396462309
2023-03,0.0224340598765759,8.47334579163596,8.356410467228118,0.0003654970760233918,9.015123951285986
