h,all,dst_on,dst_off
0,1.23621436696413,1.2504468991773423,1.2123627348955308
1,1.033376183922373,1.0281145395434892,1.0421985994643646
2,0.9006176119304282,0.8919518007348984,0.9151830614762922
3,0.8343831304394991,0.8239757585922145,0.8518020738087324
4,0.8376391260903927,0.8381671500031974,0.8367537456244631
5,0.8294875260358421,0.8413038396290888,0.8097262963292411
6,0.8717135767286185,0.9093583392579934,0.8094643942454042
7,0.9055827712819007,0.9252822695888245,0.8726638727953308
8,0.9972882270394032,0.9639871387201078,1.0530237327527505
9,0.9526318603837577,0.9428454502684269,0.9690282768056325
10,0.9562151103585459,0.9609615867016755,0.9482627354078357
11,0.9598433490267033,0.9915095347457961,0.9068170327831833
12,1.0780836792781,1.1337216563206418,0.9847200831107856
13,1.1303888722255409,1.1400333336148996,1.114217607136419
14,1.174789220125625,1.175693679353564,1.1732683005291697
15,1.175786845195734,1.124041534976635,1.262800669485219
16,1.1172948810807746,1.0936284847923625,1.15706065484433
17,0.972366066503013,0.9650156106619927,0.9847005370798632
18,0.9392414319674894,0.933811256199654,0.9483416084183109
19,0.9561002498101472,0.9382086584631937,0.9860839271724302
20,1.045183710934355,1.0374654020885978,1.0581083330960162
21,1.0041421872794132,0.9888888371970092,1.0296645250157193
22,1.024766489581988,1.046943366088793,0.9876013041499795
23,1.0628012332014232,1.0595510829288068,1.0682480073459522
