check,effect_bp,lo,hi,t,n
"h0 minus h5, |r| relative to same-day mean hour",0.40670457395112586,0.3467044729799565,0.4667046749222952,13.285660391259018,2030
(b) drop top 1% hours,0.3815658353178415,0.32442698070338466,0.43870468993229833,13.088624934279823,1993
(b) US DST on,0.4081283878807006,0.33139147212140335,0.48486530363999786,10.424339215760769,1270
(b) US DST off,0.40432530593723154,0.30803574431182024,0.5006148675626428,8.230150664927683,760
(d) era 2017,0.08421684371099344,-0.11436615555186308,0.28279984297384997,0.8312142242098834,136
(d) era 2018,0.3982409040130289,0.2549165113240247,0.5415652967020331,5.446052533145814,360
(d) era 2019,0.37347693668717136,0.21852607681326197,0.5284277965610807,4.7241738219622,362
(d) era 2020,0.38117877803788813,0.23131784686063092,0.5310397092151453,4.985358085561139,366
(d) era 2021,0.5166216201289335,0.3935274598096951,0.6397157804481719,8.226047221303102,363
(d) era 2022,0.4720653761680068,0.34806325719646586,0.5960674951395477,7.461551019959926,365
(d) era 2023Q1,0.46464711129040354,0.09481886528069033,0.8344753573001167,2.462516987156443,78
